Reference,Formula,Ag,Al,Au,Co,Cr,Cu,Fe,Ir,Mg,Mn,Mo,Ni,Pd,Pt,Rh,Ru,W,Zn,Form,Dimension,Phase,pH,Synthesis method,MagpieData minimum Number,MagpieData mean MendeleevNumber,MagpieData mean NsValence,MagpieData mean NsUnfilled,MagpieData range MeltingT,MagpieData maximum GSvolume_pa,MagpieData mean Number,MagpieData avg_dev NsValence,MagpieData avg_dev Number,MagpieData minimum Electronegativity,MagpieData maximum MeltingT,MagpieData mode NdValence,MagpieData mode Number,MagpieData maximum Number,MagpieData range Electronegativity,MagpieData range CovalentRadius,onset_potential,tafel_slope
10.1002/adfm.202009613,Al20Cu20Fe20Mo20Ni20,0.0,0.2,0.0,0.0,0.0,0.2,0.2,0.0,0.0,0.0,0.2,0.2,0.0,0.0,0.0,0.0,0.0,0.0,monolithic ,3D,BCC,Alkaline,"alloying/dealloying approach,",13.0,60.6,1.6,0.4,1962.53,16.48,27.6,0.48,6.48,1.61,2896.0,0.0,13.0,42.0,0.55,33.0,9.7,60.0
10.1002/adfm.202009613,Al20Cu20Fe20Mo20Ni20,0.0,0.2,0.0,0.0,0.0,0.2,0.2,0.0,0.0,0.0,0.2,0.2,0.0,0.0,0.0,0.0,0.0,0.0,monolithic ,3D,BCC,Neutral,"alloying/dealloying approach,",13.0,60.6,1.6,0.4,1962.53,16.48,27.6,0.48,6.48,1.61,2896.0,0.0,13.0,42.0,0.55,33.0,24.0,50.0
10.1002/adfm.202009613,Al25Cu25Mo25Ni25,0.0,0.25,0.0,0.0,0.0,0.25,0.0,0.0,0.0,0.0,0.25,0.25,0.0,0.0,0.0,0.0,0.0,0.0,monolithic ,3D,BCC,Neutral,"alloying/dealloying approach,",13.0,62.0,1.5,0.5,1962.53,16.48,28.0,0.5,7.5,1.61,2896.0,0.0,13.0,42.0,0.55,33.0,53.0,58.0
10.1002/adfm.202009613,Al33Cu33Ni33,0.0,0.3333333333333333,0.0,0.0,0.0,0.3333333333333333,0.0,0.0,0.0,0.0,0.0,0.3333333333333333,0.0,0.0,0.0,0.0,0.0,0.0,monolithic ,3D,BCC,Neutral,"alloying/dealloying approach,",13.0,66.0,1.6666666666666667,0.3333333333333333,794.53,16.48,23.33333333333333,0.4444444444444444,6.888888888888889,1.61,1728.0,0.0,13.0,29.0,0.2999999999999998,11.0,202.0,148.0
10.1002/adfm.202110645,Co22Cu19Fe15Ir7Ni26Pt12,0.0,0.0,0.0,0.2246999999999999,0.0,0.1861,0.1456,0.0653,0.0,0.0,0.0,0.2562,0.0,0.1221,0.0,0.0,0.0,0.0,Nanoparticle,0D,FCC,Alkaline,laser pulsed irradiation,26.0,60.1895,1.6918000000000004,0.3082,1381.23,15.02,36.974900000000005,0.4264255199999999,15.245607480000004,1.83,2739.0,8.0,28.0,78.0,0.4499999999999997,17.0,21.0,54.5
10.1002/adfm.202301153,Co19Cu21Fe21Mn19Ni20,0.0,0.0,0.0,0.1934,0.0,0.2057999999999999,0.2103,0.0,0.0,0.1914999999999999,0.0,0.1989999999999999,0.0,0.0,0.0,0.0,0.0,0.0,bulk,3D,FCC,Alkaline,modified high-energy ball-milling process,25.0,58.0519,1.7942000000000002,0.2057999999999999,453.23,11.07,27.017299999999995,0.3268927199999998,1.207193919999999,1.55,1811.0,6.0,26.0,29.0,0.3599999999999999,15.0,313.5,180.0
10.1002/adfm.202304963,Cu20Ir5Pd34Pt21Rh20,0.0,0.0,0.0,0.0,0.0,0.2,0.0,0.05,0.0,0.0,0.0,0.0,0.34,0.21,0.2,0.0,0.0,0.0,nanosheet,2D,FCC,Alkaline,solvothermal method,29.0,61.91,0.71,0.61,1381.23,15.02,50.67,0.4828,14.1116,1.9,2739.0,10.0,46.0,78.0,0.3799999999999999,10.0,15.0,37.0
10.1002/adma.202300091,Co25Ir14Mn24Ni26Zn11,0.0,0.0,0.0,0.2497502497502497,0.0,0.0,0.0,0.1408591408591408,0.0,0.2367632367632367,0.0,0.2597402597402597,0.0,0.0,0.0,0.0,0.0,0.1128871128871129,Nanoparticle,0D,FCC,Acidic,sol-gel method,25.0,58.88211788211788,2.0,0.0,2046.32,14.21,34.16783216783217,0.0,12.066604723947378,1.55,2739.0,8.0,28.0,77.0,0.6500000000000001,19.0,27.3,30.6
10.1002/adma.202300091,Co23Fe25Ir16Ni24Zn12,0.0,0.0,0.0,0.2302302302302302,0.0,0.0,0.2522522522522523,0.1641641641641641,0.0,0.0,0.0,0.2372372372372372,0.0,0.0,0.0,0.0,0.0,0.1161161161161161,Nanoparticle,0D,FCC,Acidic,sol-gel method,26.0,59.56056056056056,2.0,0.0,2046.32,14.21,35.54154154154154,0.0,13.611986360735107,1.65,2739.0,6.0,26.0,77.0,0.5500000000000003,19.0,31.8,36.7
10.1002/adma.202300091,Co30Ir23Ni31Zn16,0.0,0.0,0.0,0.302,0.0,0.0,0.0,0.228,0.0,0.0,0.0,0.308,0.0,0.0,0.0,0.0,0.0,0.162,Nanoparticle,0D,FCC,Acidic,sol-gel method,27.0,61.162,2.0,0.0,2046.32,14.21,39.194,0.0,17.239536,1.65,2739.0,8.0,28.0,77.0,0.5500000000000003,19.0,32.8,49.5
10.1002/adma.202300091,Ir35Ni45Zn20,0.0,0.0,0.0,0.0,0.0,0.0,0.0,0.348,0.0,0.0,0.0,0.45,0.0,0.0,0.0,0.0,0.0,0.2019999999999999,Nanoparticle,0D,FCC,Acidic,sol-gel method,28.0,62.268,2.0,0.0,2046.32,14.21,45.456,0.0,21.954624,1.65,2739.0,8.0,28.0,77.0,0.5500000000000003,19.0,35.5,59.1
10.1002/adma.202302067,Co21Cu11Fe13Ni13Pt42,0.0,0.0,0.0,0.2117647058823529,0.0,0.1058823529411764,0.1294117647058823,0.0,0.0,0.0,0.0,0.1294117647058823,0.0,0.4235294117647059,0.0,0.0,0.0,0.0,Nanoparticle,0D,FCC,Alkaline,wet impregnation method,26.0,60.7529411764706,1.470588235294118,0.5294117647058824,683.6300000000001,15.02,48.811764705882354,0.4982698961937716,24.72415224913496,1.83,2041.4,9.0,78.0,78.0,0.4499999999999997,12.0,20.0,31.0
10.1002/adma.202302067,Co21Cu11Fe13Ni12Pt44,0.0,0.0,0.0,0.2117647058823529,0.0,0.1058823529411764,0.1294117647058823,0.0,0.0,0.0,0.0,0.1176470588235294,0.0,0.4352941176470588,0.0,0.0,0.0,0.0,Nanoparticle,0D,FCC,Alkaline,wet impregnation method,26.0,60.7764705882353,1.4588235294117649,0.5411764705882354,683.6300000000001,15.02,49.4,0.4966089965397924,24.89882352941177,1.83,2041.4,9.0,78.0,78.0,0.4499999999999997,12.0,32.0,39.0
10.1002/adma.202302067,Co19Cu12Fe13Ni13Pt43,0.0,0.0,0.0,0.1904761904761905,0.0,0.119047619047619,0.1309523809523809,0.0,0.0,0.0,0.0,0.1309523809523809,0.0,0.4285714285714285,0.0,0.0,0.0,0.0,Nanoparticle,0D,FCC,Alkaline,wet impregnation method,26.0,60.85714285714285,1.4523809523809523,0.5476190476190476,683.6300000000001,15.02,49.09523809523809,0.4954648526077098,24.77551020408163,1.83,2041.4,9.0,78.0,78.0,0.4499999999999997,12.0,47.0,56.0
10.1002/adma.202309715,Co26Mo7Ni28Pt25Ru14,0.0,0.0,0.0,0.258,0.0,0.0,0.0,0.0,0.0,0.0,0.071,0.28,0.0,0.246,0.0,0.145,0.0,0.0,Nanoparticle,0D,FCC,Alkaline,wet-chemical co-reduction method,27.0,59.21200000000001,1.5379999999999998,0.462,1168.0,15.69,43.356,0.497112,17.231608,1.88,2896.0,8.0,28.0,78.0,0.3999999999999999,30.0,9.5,29.8
10.1002/adma.202403674,Ir15Mo13Rh20Ru29W22,0.0,0.0,0.0,0.0,0.0,0.0,0.0,0.153,0.0,0.0,0.134,0.0,0.0,0.0,0.2,0.291,0.222,0.0,Nanoparticle,0D,FCC,Alkaline, rapid codecomposition ,42.0,55.298,1.3749999999999998,0.6249999999999999,1458.0,16.05,55.641,0.4687499999999999,14.687249999999995,2.16,3695.0,7.0,44.0,77.0,0.1999999999999997,21.0,28.0,51.0
10.1002/adma.202403674,Ir37Rh28Ru35,0.0,0.0,0.0,0.0,0.0,0.0,0.0,0.37,0.0,0.0,0.0,0.0,0.0,0.0,0.28,0.35,0.0,0.0,Nanoparticle,0D,FCC,Alkaline, rapid codecomposition ,44.0,58.32,1.37,0.63,502.0,14.21,56.49,0.4662,15.1774,2.2,2739.0,7.0,77.0,77.0,0.0799999999999996,5.0,49.0,65.0
10.1002/adma.202403674,Ir15Mo13Rh20Ru29W22,0.0,0.0,0.0,0.0,0.0,0.0,0.0,0.153,0.0,0.0,0.134,0.0,0.0,0.0,0.2,0.291,0.222,0.0,Nanoparticle,0D,FCC,Acidic, rapid codecomposition ,42.0,55.298,1.3749999999999998,0.6249999999999999,1458.0,16.05,55.641,0.4687499999999999,14.687249999999995,2.16,3695.0,7.0,44.0,77.0,0.1999999999999997,21.0,14.0,27.0
10.1002/adma.202403674,Ir37Rh28Ru35,0.0,0.0,0.0,0.0,0.0,0.0,0.0,0.37,0.0,0.0,0.0,0.0,0.0,0.0,0.28,0.35,0.0,0.0,Nanoparticle,0D,FCC,Acidic, rapid codecomposition ,44.0,58.32,1.37,0.63,502.0,14.21,56.49,0.4662,15.1774,2.2,2739.0,7.0,77.0,77.0,0.0799999999999996,5.0,25.0,46.0
10.1002/admi.201900015,Au20Pd20Pt20Rh20Ru20,0.0,0.0,0.2,0.0,0.0,0.0,0.0,0.0,0.0,0.0,0.0,0.0,0.2,0.2,0.2,0.2,0.0,0.0,Nanoparticle,0D,FCC,Alkaline, Ultrasonication-Assisted Wet Chemistry,44.0,61.2,0.8,0.8,1269.67,16.7,58.4,0.3199999999999999,16.080000000000002,2.2,2607.0,7.0,44.0,79.0,0.3399999999999998,10.0,95.3,62.0
10.1002/advs.202105808,Co10Cu70Fe10Ni10,0.0,0.0,0.0,0.1,0.0,0.7,0.1,0.0,0.0,0.0,0.0,0.1,0.0,0.0,0.0,0.0,0.0,0.0,Large-perforated dendritic skeleton,3D,FCC,Alkaline,arc-melting,26.0,62.2,1.3,0.7,453.23,11.07,28.4,0.42,0.8400000000000005,1.83,1811.0,10.0,29.0,29.0,0.0799999999999998,8.0,42.2,31.7
10.1002/smll.201904180,Al19Co23Ir23Mo13Ni21,0.0,0.1923076923076923,0.0,0.2307692307692307,0.0,0.0,0.0,0.2307692307692307,0.0,0.0,0.1346153846153846,0.2115384615384615,0.0,0.0,0.0,0.0,0.0,0.0,ultrafine nanopores and nanoligaments,3D,FCC,Acidic,melt spinning,13.0,60.90384615384615,1.865384615384616,0.1346153846153846,1962.53,16.48,38.07692307692308,0.2329881656804733,19.0207100591716,1.61,2896.0,7.0,27.0,77.0,0.5900000000000001,33.0,18.5,33.2
10.1002/smll.202204255,Cu31Fe5Mo9Ni20Pt34Ru1,0.0,0.0,0.0,0.0,0.0,0.31,0.05,0.0,0.0,0.0,0.09,0.2,0.0,0.34,0.0,0.01,0.0,0.0,nanocrystals,0D,FCC,Alkaline, one-pot solvent reduction process,26.0,61.27,1.25,0.75,1538.23,15.69,46.63,0.375,21.3316,1.83,2896.0,9.0,78.0,78.0,0.4499999999999997,30.0,20.0,27.0
10.1002/smll.202204255,Cu34Fe4Mo11Ni10Pt41,0.0,0.0,0.0,0.0,0.0,0.34,0.04,0.0,0.0,0.0,0.11,0.1,0.0,0.41,0.0,0.0,0.0,0.0,nanocrystals,0D,FCC,Alkaline, one-pot solvent reduction process,26.0,61.39,1.14,0.86,1538.23,15.69,50.3,0.2407999999999999,22.714,1.83,2896.0,9.0,78.0,78.0,0.4499999999999997,30.0,51.0,32.0
10.1002/smll.202204255,Cu31Fe5Mo9Ni20Pt34Ru1,0.0,0.0,0.0,0.0,0.0,0.31,0.05,0.0,0.0,0.0,0.09,0.2,0.0,0.34,0.0,0.01,0.0,0.0,nanocrystals,0D,FCC,Acidic, one-pot solvent reduction process,26.0,61.27,1.25,0.75,1538.23,15.69,46.63,0.375,21.3316,1.83,2896.0,9.0,78.0,78.0,0.4499999999999997,30.0,9.0,24.0
10.1002/smll.202204255,Cu34Fe4Mo11Ni10Pt41,0.0,0.0,0.0,0.0,0.0,0.34,0.04,0.0,0.0,0.0,0.11,0.1,0.0,0.41,0.0,0.0,0.0,0.0,nanocrystals,0D,FCC,Acidic, one-pot solvent reduction process,26.0,61.39,1.14,0.86,1538.23,15.69,50.3,0.2407999999999999,22.714,1.83,2896.0,9.0,78.0,78.0,0.4499999999999997,30.0,12.0,27.0
10.1002/smll.202309819,Cu24Fe26Ni25Pt10Rh15,0.0,0.0,0.0,0.0,0.0,0.24,0.26,0.0,0.0,0.0,0.0,0.25,0.0,0.1,0.15,0.0,0.0,0.0,Nanoparticle,0D,FCC,Alkaline,one-pot reaction,26.0,60.06,1.51,0.49,879.23,15.02,35.27,0.4998,11.465000000000002,1.83,2237.0,6.0,26.0,78.0,0.4499999999999997,18.0,13.0,29.8
10.1002/smll.202309819,Ni49Pt21Rh30,0.0,0.0,0.0,0.0,0.0,0.0,0.0,0.0,0.0,0.0,0.0,0.4874874874874875,0.0,0.2112112112112112,0.3013013013013013,0.0,0.0,0.0,Nanoparticle,0D,FCC,Alkaline,one-pot reaction,28.0,60.81981981981982,1.4874874874874875,0.5125125125125125,509.0,15.02,43.68268268268269,0.4996868740612484,15.290223156089022,1.91,2237.0,8.0,28.0,78.0,0.3699999999999999,18.0,22.0,35.1
10.1002/smll.202311631,Ir22Pd17Pt25Rh22Ru14,0.0,0.0,0.0,0.0,0.0,0.0,0.0,0.22,0.0,0.0,0.0,0.0,0.17,0.25,0.22,0.14,0.0,0.0,Nanoparticle,0D,Amorphous,Acidic,wet-chemical synthesis method ,44.0,60.31,1.05,0.61,910.95,15.02,60.32,0.418,16.1792,2.2,2739.0,9.0,78.0,78.0,0.0799999999999996,10.0,42.7,22.6
10.1002/smll.202311631,Ir14Pd29Pt22Rh20Ru15,0.0,0.0,0.0,0.0,0.0,0.0,0.0,0.14,0.0,0.0,0.0,0.0,0.29,0.22,0.2,0.15,0.0,0.0,Nanoparticle,0D,FCC,Acidic,wet-chemical synthesis method ,44.0,60.44,0.85,0.57,910.95,15.02,56.88,0.493,14.9264,2.2,2739.0,10.0,46.0,78.0,0.0799999999999996,10.0,45.9,23.5
10.1002/smtd.202301691,Al1Co13Cu23Fe14Mn4Ni45,0.0,0.01,0.0,0.13,0.0,0.23,0.14,0.0,0.0,0.04,0.0,0.45,0.0,0.0,0.0,0.0,0.0,0.0,hierarchical porous sandwich structure ,3D,"BCC,FCC",Alkaline,arc melting,13.0,60.22,1.77,0.23,877.53,16.48,27.55,0.3541999999999999,1.0719999999999996,1.55,1811.0,8.0,28.0,29.0,0.3599999999999999,18.0,9.7,56.9
10.1002/smtd.202301691,Al10Co9Cu36Fe8Mn6Ni31,0.0,0.1,0.0,0.09,0.0,0.36,0.08,0.0,0.0,0.06,0.0,0.31,0.0,0.0,0.0,0.0,0.0,0.0,hierarchical porous sandwich structure ,3D,"BCC,FCC",Alkaline,arc melting,13.0,61.99,1.64,0.36,877.53,16.48,26.43,0.4608,2.926400000000001,1.55,1811.0,10.0,29.0,29.0,0.3599999999999999,18.0,32.7,112.4
10.1002/smtd.202301691,Al17Co12Cu23Fe11Mn10Ni27,0.0,0.17,0.0,0.12,0.0,0.23,0.11,0.0,0.0,0.1,0.0,0.27,0.0,0.0,0.0,0.0,0.0,0.0,hierarchical porous sandwich structure ,3D,"BCC,FCC",Alkaline,arc melting,13.0,61.81,1.77,0.23,877.53,16.48,25.04,0.3541999999999999,4.1016,1.55,1811.0,8.0,28.0,29.0,0.3599999999999999,18.0,71.3,113.1
10.1002/smtd.202301691,Al14Co12Cu26Fe11Mn8Ni29,0.0,0.14,0.0,0.12,0.0,0.26,0.11,0.0,0.0,0.08,0.0,0.29,0.0,0.0,0.0,0.0,0.0,0.0,hierarchical porous sandwich structure ,3D,"BCC,FCC",Alkaline,arc melting,13.0,61.72,1.74,0.26,877.53,16.48,25.58,0.3848,3.615200000000001,1.55,1811.0,8.0,28.0,29.0,0.3599999999999999,18.0,144.0,115.7
10.1002/smtd.202301691,Al15Co11Cu27Fe10Mn9Ni28,0.0,0.15,0.0,0.11,0.0,0.27,0.1,0.0,0.0,0.09,0.0,0.28,0.0,0.0,0.0,0.0,0.0,0.0,hierarchical porous sandwich structure ,3D,"BCC,FCC",Alkaline,arc melting,13.0,61.87,1.73,0.27,877.53,16.48,25.44,0.3941999999999999,3.8112,1.55,1811.0,8.0,28.0,29.0,0.3599999999999999,18.0,178.0,135.6
10.1002/smtd.202301691,Al24Co16Cu15Fe16Mn13Ni16,0.0,0.2395760423957604,0.0,0.1640835916408359,0.0,0.1503849615038496,0.1551844815518448,0.0,0.0,0.1293870612938706,0.0,0.1613838616138386,0.0,0.0,0.0,0.0,0.0,0.0,hierarchical porous sandwich structure ,3D,"BCC,FCC",Alkaline,arc melting,13.0,61.73822617738227,1.8496150384961507,0.1503849615038496,877.53,16.48,23.69413058694131,0.2555386497146704,5.124114965765696,1.55,1811.0,0.0,13.0,29.0,0.3599999999999999,18.0,291.0,183.1
10.1002/smtd.202400793,Ag20Au20Cu20Pd20Pt20,0.2,0.0,0.2,0.0,0.0,0.2,0.0,0.0,0.0,0.0,0.0,0.0,0.2,0.2,0.0,0.0,0.0,0.0,Nanoparticle,0D,FCC,Alkaline, melt-spinning,29.0,64.0,0.8,0.8,806.47,16.7,55.8,0.3199999999999999,18.16,1.9,2041.4,9.0,29.0,79.0,0.6400000000000001,13.0,20.0,33.0
10.1002/smtd.202400793,Ag14Au14Cu14Ir14Pd14Pt14Ru14,0.1428571428571428,0.0,0.1428571428571428,0.0,0.0,0.1428571428571428,0.0,0.1428571428571428,0.0,0.0,0.0,0.0,0.1428571428571428,0.1428571428571428,0.0,0.1428571428571428,0.0,0.0,Nanoparticle,0D,FCC,Alkaline, melt-spinning,29.0,62.285714285714285,1.0,0.7142857142857143,1504.07,16.7,57.142857142857146,0.2857142857142857,17.877551020408163,1.9,2739.0,7.0,29.0,79.0,0.6400000000000001,14.0,23.0,35.0
10.1002/smtd.202400793,Ag20Au20Cu20Ir20Ru20,0.2,0.0,0.2,0.0,0.0,0.2,0.0,0.2,0.0,0.0,0.0,0.0,0.0,0.0,0.0,0.2,0.0,0.0,Nanoparticle,0D,FCC,Alkaline, melt-spinning,29.0,62.2,1.2,0.8,1504.07,16.7,55.2,0.3199999999999999,18.24,1.9,2739.0,7.0,29.0,79.0,0.6400000000000001,14.0,37.0,32.0
10.1002/smtd.202400793,Ag33Au33Cu33,0.3333333333333333,0.0,0.3333333333333333,0.0,0.0,0.3333333333333333,0.0,0.0,0.0,0.0,0.0,0.0,0.0,0.0,0.0,0.0,0.0,0.0,Nanoparticle,0D,FCC,Alkaline, melt-spinning,29.0,65.0,1.0,1.0,122.83999999999992,16.7,51.66666666666666,0.0,18.22222222222222,1.9,1357.77,10.0,29.0,79.0,0.6400000000000001,13.0,363.0,147.0
10.1002/smtd.202400793,Ag20Au20Cu20Pd20Pt20,0.2,0.0,0.2,0.0,0.0,0.2,0.0,0.0,0.0,0.0,0.0,0.0,0.2,0.2,0.0,0.0,0.0,0.0,Nanoparticle,0D,FCC,Acidic, melt-spinning,29.0,64.0,0.8,0.8,806.47,16.7,55.8,0.3199999999999999,18.16,1.9,2041.4,9.0,29.0,79.0,0.6400000000000001,13.0,9.5,32.0
10.1002/smtd.202400793,Ag20Au20Cu20Ir20Ru20,0.2,0.0,0.2,0.0,0.0,0.2,0.0,0.2,0.0,0.0,0.0,0.0,0.0,0.0,0.0,0.2,0.0,0.0,Nanoparticle,0D,FCC,Acidic, melt-spinning,29.0,62.2,1.2,0.8,1504.07,16.7,55.2,0.3199999999999999,18.24,1.9,2739.0,7.0,29.0,79.0,0.6400000000000001,14.0,11.0,33.0
10.1002/smtd.202400793,Ag14Au14Cu14Ir14Pd14Pt14Ru14,0.1428571428571428,0.0,0.1428571428571428,0.0,0.0,0.1428571428571428,0.0,0.1428571428571428,0.0,0.0,0.0,0.0,0.1428571428571428,0.1428571428571428,0.0,0.1428571428571428,0.0,0.0,Nanoparticle,0D,FCC,Acidic, melt-spinning,29.0,62.285714285714285,1.0,0.7142857142857143,1504.07,16.7,57.142857142857146,0.2857142857142857,17.877551020408163,1.9,2739.0,7.0,29.0,79.0,0.6400000000000001,14.0,18.0,31.0
10.1002/smtd.202400793,Ag33Au33Cu33,0.3333333333333333,0.0,0.3333333333333333,0.0,0.0,0.3333333333333333,0.0,0.0,0.0,0.0,0.0,0.0,0.0,0.0,0.0,0.0,0.0,0.0,Nanoparticle,0D,FCC,Acidic, melt-spinning,29.0,65.0,1.0,1.0,122.83999999999992,16.7,51.66666666666666,0.0,18.22222222222222,1.9,1357.77,10.0,29.0,79.0,0.6400000000000001,13.0,188.0,77.0
10.1002/sus2.56,Co29Cu8Fe14Ni35Pt14,0.0,0.0,0.0,0.2928571428571428,0.0,0.075,0.1428571428571428,0.0,0.0,0.0,0.0,0.3464285714285714,0.0,0.1428571428571428,0.0,0.0,0.0,0.0,Nanoparticle,0D,FCC,Alkaline, ultra-fast shock synthesis,26.0,59.775000000000006,1.7821428571428573,0.2178571428571428,683.6300000000001,15.02,34.63928571428572,0.3407908163265306,12.388775510204088,1.83,2041.4,8.0,28.0,78.0,0.4499999999999997,12.0,13.7,30.6
10.1016/j.apcatb.2022.121431,Co12Ni20Pt32Rh25Ru11,0.0,0.0,0.0,0.12,0.0,0.0,0.0,0.0,0.0,0.0,0.0,0.2,0.0,0.32,0.25,0.11,0.0,0.0,ultrathin nanowires,1D,FCC,Alkaline, low-temperature oil phase strategy,27.0,60.23,1.32,0.68,879.0,15.02,49.89,0.4352,17.9904,1.88,2607.0,9.0,78.0,78.0,0.3999999999999999,22.0,18.0,28.7
10.1016/j.apcatb.2022.121431,Co12Ni20Pt32Rh25Ru11,0.0,0.0,0.0,0.12,0.0,0.0,0.0,0.0,0.0,0.0,0.0,0.2,0.0,0.32,0.25,0.11,0.0,0.0,ultrathin nanowires,1D,FCC,Acidic, low-temperature oil phase strategy,27.0,60.23,1.32,0.68,879.0,15.02,49.89,0.4352,17.9904,1.88,2607.0,9.0,78.0,78.0,0.3999999999999999,22.0,16.0,27.8
10.1016/j.apcatb.2023.122814,Co7Mo8Pd23Pt35Rh27,0.0,0.0,0.0,0.07,0.0,0.0,0.0,0.0,0.0,0.0,0.08,0.0,0.23,0.35,0.27,0.0,0.0,0.0,ultra-thin nanosheets,2D,FCC,Alkaline,one-step wet chemical strategy,27.0,60.3,0.84,0.7,1128.0,15.69,55.28,0.3864000000000001,15.904000000000002,1.88,2896.0,9.0,78.0,78.0,0.3999999999999999,28.0,16.5,26.8
10.1016/j.apcatb.2023.122814,Co6Mo8Pd34Pt27Rh25,0.0,0.0,0.0,0.06,0.0,0.0,0.0,0.0,0.0,0.0,0.08,0.0,0.34,0.27,0.25,0.0,0.0,0.0,Nanoparticle,0D,FCC,Alkaline,one-step wet chemical strategy,27.0,60.32,0.72,0.6,1128.0,15.69,52.93,0.4896,13.537800000000002,1.88,2896.0,10.0,46.0,78.0,0.3999999999999999,28.0,36.1,38.9
10.1016/j.cej.2022.134898,Co12Fe9Mn25Mo31Ni23,0.0,0.0,0.0,0.12,0.0,0.0,0.09,0.0,0.0,0.25,0.31,0.23,0.0,0.0,0.0,0.0,0.0,0.0,nanoporous ribbons,2D,FCC,Alkaline,melt spinning,25.0,54.44,1.69,0.31,1377.0,15.69,31.29,0.4278,6.6402,1.55,2896.0,5.0,42.0,42.0,0.6100000000000001,30.0,14.0,29.0
10.1016/j.cej.2022.134898,Co14Fe14Mn52Mo6Ni14,0.0,0.0,0.0,0.14,0.0,0.0,0.14,0.0,0.0,0.52,0.06,0.14,0.0,0.0,0.0,0.0,0.0,0.0,nanoporous ribbons,2D,FCC,Alkaline,melt spinning,25.0,54.4,1.94,0.06,1377.0,15.69,26.86,0.1128,2.1752,1.55,2896.0,5.0,25.0,42.0,0.6100000000000001,30.0,322.0,164.0
10.1016/j.cej.2022.137452,Co50Fe11Mn8Ni16W15,0.0,0.0,0.0,0.4975460122699386,0.0,0.0,0.112883435582822,0.0,0.0,0.0822085889570552,0.0,0.161963190184049,0.0,0.0,0.0,0.0,0.1453987730061349,0.0,Nanoparticle,0D,FCC,Acidic,current electrodeposition method,25.0,56.6361963190184,2.0,0.0,2176.0,16.05,33.718404907975454,0.0,11.71378900222063,1.55,3695.0,7.0,27.0,74.0,0.8099999999999998,38.0,15.0,31.0
10.1016/j.cej.2022.137452,Co24Fe34Mn23Ni18,0.0,0.0,0.0,0.243,0.0,0.0,0.341,0.0,0.0,0.233,0.0,0.183,0.0,0.0,0.0,0.0,0.0,0.0,Nanoparticle,0D,FCC,Acidic,current electrodeposition method,25.0,56.128,2.0,0.0,292.0,10.73,26.376,0.0,0.8976479999999997,1.55,1811.0,6.0,26.0,28.0,0.3599999999999999,15.0,193.0,57.0
10.1016/j.electacta.2018.05.035,Co36Cr15Fe20Mo10Ni19,0.0,0.0,0.0,0.356,0.154,0.0,0.1989999999999999,0.0,0.0,0.0,0.0969999999999999,0.1939999999999999,0.0,0.0,0.0,0.0,0.0,0.0,band,3D,FCC,Alkaline, arc-melting under an argon atmosphere,24.0,55.823,1.749,0.251,1168.0,15.69,27.988,0.3759979999999999,2.722983999999998,1.66,2896.0,7.0,27.0,42.0,0.5000000000000002,30.0,172.0,66.0
10.1016/j.electacta.2018.05.035,Co31Cr15Fe13Mo32Ni9,0.0,0.0,0.0,0.307,0.152,0.0,0.131,0.0,0.0,0.0,0.3229999999999999,0.087,0.0,0.0,0.0,0.0,0.0,0.0,band,3D,"FCC,μ ",Alkaline, arc-melting under an argon atmosphere,24.0,53.916,1.5249999999999997,0.475,1168.0,15.69,31.345,0.49875,6.883129999999999,1.66,2896.0,5.0,42.0,42.0,0.5000000000000002,30.0,253.0,96.0
10.1016/j.electacta.2018.05.035,Co36Cr15Fe20Mo10Ni19,0.0,0.0,0.0,0.356,0.154,0.0,0.1989999999999999,0.0,0.0,0.0,0.0969999999999999,0.1939999999999999,0.0,0.0,0.0,0.0,0.0,0.0,band,3D,FCC,Acidic, arc-melting under an argon atmosphere,24.0,55.823,1.749,0.251,1168.0,15.69,27.988,0.3759979999999999,2.722983999999998,1.66,2896.0,7.0,27.0,42.0,0.5000000000000002,30.0,107.0,41.0
10.1016/j.electacta.2018.05.035,Co31Cr15Fe13Mo32Ni9,0.0,0.0,0.0,0.307,0.152,0.0,0.131,0.0,0.0,0.0,0.3229999999999999,0.087,0.0,0.0,0.0,0.0,0.0,0.0,band,3D,"FCC,μ ",Acidic, arc-melting under an argon atmosphere,24.0,53.916,1.5249999999999997,0.475,1168.0,15.69,31.345,0.49875,6.883129999999999,1.66,2896.0,5.0,42.0,42.0,0.5000000000000002,30.0,193.0,89.0
10.1016/j.ijhydene.2024.05.350,Al27Co23Cr12Fe26Ni13,0.0,0.2681864754098361,0.0,0.2320696721311475,0.1159067622950819,0.0,0.2557633196721311,0.0,0.0,0.0,0.0,0.1280737704918032,0.0,0.0,0.0,0.0,0.0,0.0,porous ,3D,"BCC, FCC",Alkaline, microwave sintering ,13.0,60.59656762295081,1.8840932377049184,0.1159067622950819,1246.53,16.48,22.769979508196723,0.2049447694987065,5.240352738259204,1.61,2180.0,0.0,13.0,28.0,0.2999999999999998,18.0,100.0,170.78
10.1016/j.ijhydene.2024.05.350,Al37Co24Cr4Fe19Ni15,0.0,0.372620427081609,0.0,0.2378745240854163,0.0438669094520774,0.0,0.1936765436186062,0.0,0.0,0.0,0.0,0.151961595762291,0.0,0.0,0.0,0.0,0.0,0.0,porous ,3D,"BCC, FCC",Alkaline, microwave sintering ,13.0,63.06935937758649,1.9561330905479224,0.0438669094520774,1246.53,16.48,21.60999834464492,0.0838852074144015,6.41652252070708,1.61,2180.0,0.0,13.0,28.0,0.2999999999999998,18.0,115.6,128.12
10.1016/j.ijhydene.2024.05.350,Al95Co1Cr4,0.0,0.9473986777809716,0.0,0.0083357286576602,0.0442655935613682,0.0,0.0,0.0,0.0,0.0,0.0,0.0,0.0,0.0,0.0,0.0,0.0,0.0,porous ,3D,"BCC, FCC",Alkaline, microwave sintering ,13.0,71.81258982466227,1.955734406438632,0.0442655935613682,1246.53,16.48,13.603621730382294,0.0846123015760558,1.1437408584880944,1.61,2180.0,0.0,13.0,27.0,0.2699999999999998,18.0,57.8,97.89
10.1016/j.jallcom.2024.175356,Co29Cu14Fe29Ni29,0.0,0.0,0.0,0.2857142857142857,0.0,0.1428571428571428,0.2857142857142857,0.0,0.0,0.0,0.0,0.2857142857142857,0.0,0.0,0.0,0.0,0.0,0.0,nanoporous bulk,3D,FCC,Alkaline,solution combustion synthesis,26.0,58.85714285714285,1.8571428571428568,0.1428571428571428,453.23,11.07,27.285714285714285,0.2448979591836734,0.8979591836734693,1.83,1811.0,6.0,26.0,29.0,0.0799999999999998,8.0,71.0,74.0
10.1016/j.jallcom.2024.175356,Cu33Fe33Ni33,0.0,0.0,0.0,0.0,0.0,0.3333333333333333,0.3333333333333333,0.0,0.0,0.0,0.0,0.3333333333333333,0.0,0.0,0.0,0.0,0.0,0.0,nanoporous bulk,3D,FCC,Alkaline,solution combustion synthesis,26.0,60.0,1.6666666666666667,0.3333333333333333,453.23,11.07,27.666666666666668,0.4444444444444444,1.1111111111111107,1.83,1811.0,6.0,26.0,29.0,0.0799999999999998,8.0,131.0,120.0
10.1016/j.jallcom.2024.175356,Co33Fe33Ni33,0.0,0.0,0.0,0.3333333333333333,0.0,0.0,0.3333333333333333,0.0,0.0,0.0,0.0,0.3333333333333333,0.0,0.0,0.0,0.0,0.0,0.0,nanoporous bulk,3D,FCC,Alkaline,solution combustion synthesis,26.0,58.0,2.0,0.0,83.0,10.73,27.0,0.0,0.6666666666666666,1.83,1811.0,6.0,26.0,28.0,0.0799999999999998,8.0,295.0,125.0
10.1016/j.jallcom.2024.175356,Fe50Ni50,0.0,0.0,0.0,0.0,0.0,0.0,0.5,0.0,0.0,0.0,0.0,0.5,0.0,0.0,0.0,0.0,0.0,0.0,nanoporous bulk,3D,FCC,Alkaline,solution combustion synthesis,26.0,58.0,2.0,0.0,83.0,10.73,27.0,0.0,1.0,1.83,1811.0,6.0,26.0,28.0,0.0799999999999998,8.0,357.0,181.0
10.1016/j.jallcom.2024.175356,Co50Cu50,0.0,0.0,0.0,0.5,0.0,0.5,0.0,0.0,0.0,0.0,0.0,0.0,0.0,0.0,0.0,0.0,0.0,0.0,nanoporous bulk,3D,FCC,Alkaline,solution combustion synthesis,27.0,61.0,1.5,0.5,410.23,11.07,28.0,0.5,1.0,1.88,1768.0,7.0,27.0,29.0,0.02,6.0,408.0,179.0
10.1016/j.jcis.2023.05.074,Co20Fe20Mn20Ni20Ru20,0.0,0.0,0.0,0.2,0.0,0.0,0.2,0.0,0.0,0.2,0.0,0.2,0.0,0.0,0.0,0.2,0.0,0.0,Nanoparticle,0D,FCC,Alkaline,ultrasonication-assisted wet chemistry method,25.0,56.4,1.8,0.2,1088.0,13.51,30.0,0.3199999999999999,5.6,1.55,2607.0,5.0,25.0,44.0,0.6500000000000001,22.0,50.0,50.0
10.1016/j.jcis.2023.05.074,Co17Cu17Fe17Mn17Ni17Ru17,0.0,0.0,0.0,0.1666666666666666,0.0,0.1666666666666666,0.1666666666666666,0.0,0.0,0.1666666666666666,0.0,0.1666666666666666,0.0,0.0,0.0,0.1666666666666666,0.0,0.0,Nanoparticle,0D,FCC,Alkaline,ultrasonication-assisted wet chemistry method,25.0,57.66666666666666,1.6666666666666667,0.3333333333333333,1249.23,13.51,29.83333333333333,0.4444444444444444,4.722222222222221,1.55,2607.0,5.0,25.0,44.0,0.6500000000000001,22.0,89.0,118.0
10.1016/j.jcis.2023.05.074,Co20Fe20Mn20Mo20Ni20,0.0,0.0,0.0,0.2,0.0,0.0,0.2,0.0,0.0,0.2,0.2,0.2,0.0,0.0,0.0,0.0,0.0,0.0,Nanoparticle,0D,FCC,Alkaline,ultrasonication-assisted wet chemistry method,25.0,55.2,1.8,0.2,1377.0,15.69,29.6,0.3199999999999999,4.960000000000001,1.55,2896.0,5.0,25.0,42.0,0.6100000000000001,30.0,218.0,175.0
10.1016/j.jcis.2023.05.074,Co25Fe25Mn25Ni25,0.0,0.0,0.0,0.25,0.0,0.0,0.25,0.0,0.0,0.25,0.0,0.25,0.0,0.0,0.0,0.0,0.0,0.0,Nanoparticle,0D,FCC,Alkaline,ultrasonication-assisted wet chemistry method,25.0,56.5,2.0,0.0,292.0,10.73,26.5,0.0,1.0,1.55,1811.0,5.0,25.0,28.0,0.3599999999999999,15.0,228.0,158.0
10.1016/j.jallcom.2024.175356,Co33Fe33Ni33,0.0,0.0,0.0,0.3333333333333333,0.0,0.0,0.3333333333333333,0.0,0.0,0.0,0.0,0.3333333333333333,0.0,0.0,0.0,0.0,0.0,0.0,Nanoparticle,0D,FCC,Alkaline,ultrasonication-assisted wet chemistry method,26.0,58.0,2.0,0.0,83.0,10.73,27.0,0.0,0.6666666666666666,1.83,1811.0,6.0,26.0,28.0,0.0799999999999998,8.0,273.0,169.0
10.1016/j.jcis.2023.05.074,Co20Cu20Fe20Mn20Ni20,0.0,0.0,0.0,0.2,0.0,0.2,0.2,0.0,0.0,0.2,0.0,0.2,0.0,0.0,0.0,0.0,0.0,0.0,Nanoparticle,0D,FCC,Alkaline,ultrasonication-assisted wet chemistry method,25.0,58.0,1.8,0.2,453.23,11.07,27.0,0.3199999999999999,1.2,1.55,1811.0,5.0,25.0,29.0,0.3599999999999999,15.0,290.0,171.0
10.1016/j.jcis.2023.05.074,Co20Cu20Fe20Mn20Ni20,0.0,0.0,0.0,0.2,0.0,0.2,0.2,0.0,0.0,0.2,0.0,0.2,0.0,0.0,0.0,0.0,0.0,0.0,Nanoparticle,0D,FCC,Alkaline,ultrasonication-assisted wet chemistry method,25.0,58.0,1.8,0.2,453.23,11.07,27.0,0.3199999999999999,1.2,1.55,1811.0,5.0,25.0,29.0,0.3599999999999999,15.0,292.0,171.0
10.1016/j.jmat.2020.06.001,Al55Co9Cr18Fe9Ni9,0.0,0.5454545454545454,0.0,0.0909090909090909,0.1818181818181818,0.0,0.0909090909090909,0.0,0.0,0.0,0.0,0.0909090909090909,0.0,0.0,0.0,0.0,0.0,0.0, porous sheet,3D,"FCC,BCC",Acidic,mechanical alloying and spark plasma sintering (SPS) consolidation,13.0,64.54545454545455,1.818181818181818,0.1818181818181818,1246.53,16.48,18.818181818181817,0.2975206611570248,6.347107438016528,1.61,2180.0,0.0,13.0,28.0,0.2999999999999998,18.0,125.0,56.0
10.1016/j.jmat.2020.06.001,Al33Co17Cr17Fe17Ni17,0.0,0.3333333333333333,0.0,0.1666666666666666,0.1666666666666666,0.0,0.1666666666666666,0.0,0.0,0.0,0.0,0.1666666666666666,0.0,0.0,0.0,0.0,0.0,0.0,sheet,3D,"FCC,BCC",Acidic,mechanical alloying and spark plasma sintering (SPS) consolidation,13.0,61.5,1.8333333333333333,0.1666666666666666,1246.53,16.48,21.83333333333333,0.2777777777777778,5.888888888888889,1.61,2180.0,0.0,13.0,28.0,0.2999999999999998,18.0,800.0,254.0
10.1016/j.jmst.2023.05.040,Co18Cr14Cu28Fe22Ni18,0.0,0.0,0.0,0.18,0.14,0.28,0.22,0.0,0.0,0.0,0.0,0.18,0.0,0.0,0.0,0.0,0.0,0.0,foam-like hierarchical structure,3D,"FCC,BCC",Alkaline,simple electrodeposition process as cathodes under a constant current density,24.0,58.3,1.5800000000000003,0.42,822.23,11.19,27.1,0.4871999999999999,1.388,1.66,2180.0,10.0,29.0,29.0,0.25,15.0,84.0,62.0
10.1016/j.nanoen.2023.108380,Al10Co33Cr11Fe12Ni32W2,0.0,0.1,0.0,0.33,0.11,0.0,0.12,0.0,0.0,0.0,0.0,0.32,0.0,0.0,0.0,0.0,0.02,0.0,porous ,3D,"FCC,BCC",Alkaline,arc melting,13.0,58.97,1.89,0.11,2761.53,16.48,26.41,0.1958,3.3106,1.61,3695.0,7.0,27.0,74.0,0.7499999999999998,41.0,246.0,89.9
10.1016/S1872-2067(22)64166-4,Ir32Mo8Pd25Rh30W5,0.0,0.0,0.0,0.0,0.0,0.0,0.0,0.321,0.0,0.0,0.075,0.0,0.254,0.0,0.297,0.0,0.053,0.0,nanosheet,2D,"FCC, Amorphous",Acidic, low-temperature oil phase approach ,42.0,58.98400000000001,1.12,0.372,1866.95,16.05,56.838,0.6582399999999999,14.763176,2.16,3695.0,7.0,77.0,77.0,0.1999999999999997,23.0,15.0,35.0
10.1016/S1872-2067(24)60067-7,Cu28Pd26Pt18Rh14Ru14,0.0,0.0,0.0,0.0,0.0,0.28,0.0,0.0,0.0,0.0,0.0,0.0,0.26,0.18,0.14,0.14,0.0,0.0,Nanoparticle,0D,FCC,Alkaline, solvothermal method,29.0,61.48,0.74,0.74,1249.23,15.02,46.58,0.3848,11.3112,1.9,2607.0,10.0,29.0,78.0,0.3799999999999999,14.0,23.3,124.0
10.1021/acs.jpcc.1c03646,Co26Cr24Fe25Ni25,0.0,0.0,0.0,0.265,0.237,0.0,0.25,0.0,0.0,0.0,0.0,0.248,0.0,0.0,0.0,0.0,0.0,0.0,bulk,3D,FCC,Acidic,arc-melting,24.0,55.861,1.763,0.237,452.0,11.19,26.287,0.3616619999999999,1.227538,1.66,2180.0,7.0,27.0,28.0,0.25,15.0,485.0,38.0
10.1021/acs.langmuir.2c03367,Ir27Pd18Pt21Rh20Ru15,0.0,0.0,0.0,0.0,0.0,0.0,0.0,0.2673267326732673,0.0,0.0,0.0,0.0,0.1782178217821782,0.2079207920792079,0.198019801980198,0.1485148514851485,0.0,0.0, thin film,2D,FCC,Acidic,atomic layer deposition (ALD),44.0,60.18811881188119,1.0891089108910892,0.5544554455445545,910.95,15.02,60.445544554455445,0.4870110773453583,16.150769532398783,2.2,2739.0,7.0,77.0,78.0,0.0799999999999996,10.0,58.0,42.0
10.1021/acsaem.3c03227,Co25Cu25Fe25Ni25,0.0,0.0,0.0,0.25,0.0,0.25,0.25,0.0,0.0,0.0,0.0,0.25,0.0,0.0,0.0,0.0,0.0,0.0,flakes,3D,FCC,Alkaline, mechanical alloying ,26.0,59.5,1.75,0.25,453.23,11.07,27.5,0.375,1.0,1.83,1811.0,6.0,26.0,29.0,0.0799999999999998,8.0,605.0,173.0
10.1016/j.jcis.2023.05.074,Co20Cu20Fe20Mn20Ni20,0.0,0.0,0.0,0.2,0.0,0.2,0.2,0.0,0.0,0.2,0.0,0.2,0.0,0.0,0.0,0.0,0.0,0.0,flakes,3D,FCC,Alkaline, mechanical alloying ,25.0,58.0,1.8,0.2,453.23,11.07,27.0,0.3199999999999999,1.2,1.55,1811.0,5.0,25.0,29.0,0.3599999999999999,15.0,445.0,140.0
10.1021/acsaem.3c03227,Co20Cu20Fe20Mo20Ni20,0.0,0.0,0.0,0.2,0.0,0.2,0.2,0.0,0.0,0.0,0.2,0.2,0.0,0.0,0.0,0.0,0.0,0.0,flakes,3D,"FCC,BCC",Alkaline, mechanical alloying ,26.0,57.6,1.6,0.4,1538.23,15.69,30.4,0.48,4.639999999999999,1.83,2896.0,5.0,26.0,42.0,0.33,30.0,286.0,125.0
10.1021/acsaem.3c03227,Co18Cu18Fe18Mn18Mo9Ni18,0.0,0.0,0.0,0.1818181818181818,0.0,0.1818181818181818,0.1818181818181818,0.0,0.0,0.1818181818181818,0.0909090909090909,0.1818181818181818,0.0,0.0,0.0,0.0,0.0,0.0,flakes,3D,"FCC,BCC",Alkaline, mechanical alloying ,25.0,57.27272727272727,1.7272727272727273,0.2727272727272727,1538.23,15.69,28.363636363636363,0.396694214876033,2.7107438016528924,1.55,2896.0,5.0,25.0,42.0,0.6100000000000001,30.0,275.0,136.0
10.1021/acsaem.3c03227,Co17Cu17Fe17Mn17Mo17Ni17,0.0,0.0,0.0,0.1666666666666666,0.0,0.1666666666666666,0.1666666666666666,0.0,0.0,0.1666666666666666,0.1666666666666666,0.1666666666666666,0.0,0.0,0.0,0.0,0.0,0.0,flakes,3D,"FCC,BCC",Alkaline, mechanical alloying ,25.0,56.66666666666666,1.6666666666666667,0.3333333333333333,1538.23,15.69,29.5,0.4444444444444444,4.166666666666667,1.55,2896.0,5.0,25.0,42.0,0.6100000000000001,30.0,315.0,139.0
10.1021/acsaem.3c03227,Co15Cu15Fe15Mn15Mo23Ni15,0.0,0.0,0.0,0.1538461538461538,0.0,0.1538461538461538,0.1538461538461538,0.0,0.0,0.1538461538461538,0.2307692307692307,0.1538461538461538,0.0,0.0,0.0,0.0,0.0,0.0,flakes,3D,"FCC,BCC",Alkaline, mechanical alloying ,25.0,56.15384615384615,1.6153846153846154,0.3846153846153846,1538.23,15.69,30.46153846153846,0.4733727810650887,5.325443786982248,1.55,2896.0,5.0,42.0,42.0,0.6100000000000001,30.0,385.0,147.0
10.1021/acsanm.2c02003,Co22Fe17Mg13Ni30Pt18,0.0,0.0,0.0,0.225,0.0,0.0,0.1669999999999999,0.0,0.128,0.0,0.0,0.305,0.0,0.175,0.0,0.0,0.0,0.0,Nanoparticle,0D,FCC,Acidic,shear-assisted liquid metal surface reduction strategy,12.0,60.569,1.825,0.175,1118.4,22.89,34.143,0.28875,15.34995,1.31,2041.4,8.0,28.0,78.0,0.9699999999999998,17.0,14.4,43.0
10.1021/acsanm.2c02003,Co22Fe17Ni30Pt18W13,0.0,0.0,0.0,0.225,0.0,0.0,0.1669999999999999,0.0,0.0,0.0,0.0,0.305,0.0,0.175,0.0,0.0,0.128,0.0,Nanoparticle,0D,FCC,Acidic,shear-assisted liquid metal surface reduction strategy,26.0,58.393,1.825,0.175,1967.0,16.05,42.07899999999999,0.28875,20.744126,1.83,3695.0,8.0,28.0,78.0,0.5299999999999998,38.0,16.2,46.0
10.1021/acsanm.2c02003,Co22Cr13Fe17Ni30Pt18,0.0,0.0,0.0,0.225,0.128,0.0,0.1669999999999999,0.0,0.0,0.0,0.0,0.305,0.0,0.175,0.0,0.0,0.0,0.0,Nanoparticle,0D,FCC,Acidic,shear-assisted liquid metal surface reduction strategy,24.0,58.137,1.697,0.303,452.0,15.02,35.678999999999995,0.4223819999999999,14.812349999999997,1.66,2180.0,8.0,28.0,78.0,0.6199999999999999,15.0,20.1,59.0
10.1021/acsnano.3c07703,Co13Ir23Ni37Pt10Ru17,0.0,0.0,0.0,0.133,0.0,0.0,0.0,0.233,0.0,0.0,0.0,0.367,0.0,0.1,0.0,0.1669999999999999,0.0,0.0,Nanoparticle,0D,FCC,Acidic,high-temperature liquid shock ,27.0,59.733,1.733,0.267,1011.0,15.02,46.956,0.391422,20.209304000000003,1.88,2739.0,8.0,28.0,78.0,0.3999999999999999,22.0,18.0,34.2
10.1021/acsnano.3c09482,Co2Cu48Mo10Ni37W3,0.0,0.0,0.0,0.02,0.0,0.48,0.0,0.0,0.0,0.0,0.1,0.37,0.0,0.0,0.0,0.0,0.03,0.0,Nanoparticle,0D,FCC,Alkaline,solvothermal then annealed in  tube furnace  ,27.0,60.98,1.42,0.58,2337.23,16.05,31.24,0.4871999999999999,4.717599999999999,1.88,3695.0,10.0,29.0,74.0,0.48,38.0,22.0,86.3
10.1021/acssuschemeng.2c06888,Co20Fe11Mo19Ni38W12,0.0,0.0,0.0,0.197019701970197,0.0,0.0,0.1118111811181118,0.0,0.0,0.0,0.1887188718871887,0.3824382438243824,0.0,0.0,0.0,0.0,0.12001200120012,0.0,Nanoparticle,0D,"FCC,rhombohedral ",Acidic,mechanical alloying (MA),26.0,56.462046204620464,1.8112811281128112,0.1887188718871887,1967.0,16.05,35.741974197419744,0.3062081185616311,11.544859616474698,1.83,3695.0,8.0,28.0,74.0,0.5299999999999998,38.0,81.0,31.0
10.1021/acssuschemeng.2c06888,Co16Fe13Mo28Ni34W10,0.0,0.0,0.0,0.1585158515851585,0.0,0.0,0.1274127412741274,0.0,0.0,0.0,0.2802280228022802,0.337033703370337,0.0,0.0,0.0,0.0,0.0968096809680967,0.0,Nanoparticle,0D,"FCC,rhombohedral ",Acidic,mechanical alloying (MA),26.0,55.70937093709372,1.71977197719772,0.2802280228022802,1967.0,16.05,35.96309630963096,0.4034005560772097,10.74810019255751,1.83,3695.0,8.0,28.0,74.0,0.5299999999999998,38.0,214.0,52.0
10.1021/acssuschemeng.2c06888,Co36Fe12Mo9Ni30W13,0.0,0.0,0.0,0.356,0.0,0.0,0.1244,0.0,0.0,0.0,0.0911999999999999,0.2996999999999999,0.0,0.0,0.0,0.0,0.1286999999999999,0.0,Nanoparticle,0D,"FCC,rhombohedral ",Acidic,mechanical alloying (MA),26.0,56.8954,1.9088,0.0911999999999999,1967.0,16.05,34.592200000000005,0.1657651199999999,11.494750440000002,1.83,3695.0,7.0,27.0,74.0,0.5299999999999998,38.0,232.0,80.0
10.1021/acssuschemeng.2c06888,Co25Fe19Mo18Ni24W14,0.0,0.0,0.0,0.2465246524652465,0.0,0.0,0.1869186918691869,0.0,0.0,0.0,0.1841184118411841,0.2404240424042404,0.0,0.0,0.0,0.0,0.142014201420142,0.0,Nanoparticle,0D,"FCC,rhombohedral ",Acidic,mechanical alloying (MA),26.0,55.6934693469347,1.815881588158816,0.1841184118411841,1967.0,16.05,36.48994899489949,0.3004376445245284,12.682923557882342,1.83,3695.0,7.0,27.0,74.0,0.5299999999999998,38.0,308.0,47.0
10.1021/acssuschemeng.2c06888,Co20Fe11Mo19Ni38W12,0.0,0.0,0.0,0.197019701970197,0.0,0.0,0.1118111811181118,0.0,0.0,0.0,0.1887188718871887,0.3824382438243824,0.0,0.0,0.0,0.0,0.12001200120012,0.0,Nanoparticle,0D,"FCC,rhombohedral ",Alkaline,mechanical alloying (MA),26.0,56.462046204620464,1.8112811281128112,0.1887188718871887,1967.0,16.05,35.741974197419744,0.3062081185616311,11.544859616474698,1.83,3695.0,8.0,28.0,74.0,0.5299999999999998,38.0,35.0,31.0
10.1021/acssuschemeng.2c06888,Co16Fe13Mo28Ni34W10,0.0,0.0,0.0,0.1585158515851585,0.0,0.0,0.1274127412741274,0.0,0.0,0.0,0.2802280228022802,0.337033703370337,0.0,0.0,0.0,0.0,0.0968096809680967,0.0,Nanoparticle,0D,"FCC,rhombohedral ",Alkaline,mechanical alloying (MA),26.0,55.70937093709372,1.71977197719772,0.2802280228022802,1967.0,16.05,35.96309630963096,0.4034005560772097,10.74810019255751,1.83,3695.0,8.0,28.0,74.0,0.5299999999999998,38.0,181.0,65.0
10.1021/acssuschemeng.2c06888,Co36Fe12Mo9Ni30W13,0.0,0.0,0.0,0.356,0.0,0.0,0.1244,0.0,0.0,0.0,0.0911999999999999,0.2996999999999999,0.0,0.0,0.0,0.0,0.1286999999999999,0.0,Nanoparticle,0D,"FCC,rhombohedral ",Alkaline,mechanical alloying (MA),26.0,56.8954,1.9088,0.0911999999999999,1967.0,16.05,34.592200000000005,0.1657651199999999,11.494750440000002,1.83,3695.0,7.0,27.0,74.0,0.5299999999999998,38.0,250.0,65.0
10.1021/acssuschemeng.2c06888,Co25Fe19Mo18Ni24W14,0.0,0.0,0.0,0.2465246524652465,0.0,0.0,0.1869186918691869,0.0,0.0,0.0,0.1841184118411841,0.2404240424042404,0.0,0.0,0.0,0.0,0.142014201420142,0.0,Nanoparticle,0D,"FCC,rhombohedral ",Alkaline,mechanical alloying (MA),26.0,55.6934693469347,1.815881588158816,0.1841184118411841,1967.0,16.05,36.48994899489949,0.3004376445245284,12.682923557882342,1.83,3695.0,7.0,27.0,74.0,0.5299999999999998,38.0,269.0,72.0
10.1021/jacs.1c07643,Co26Fe25Ni27Pt15Rh8,0.0,0.0,0.0,0.256,0.0,0.0,0.251,0.0,0.0,0.0,0.0,0.266,0.0,0.149,0.078,0.0,0.0,0.0,Nanoparticle,0D,FCC,Acidic,under argon-filled conditions annealing,26.0,58.868,1.773,0.2269999999999999,509.0,15.02,36.017999999999994,0.3509419999999998,13.911827999999996,1.83,2237.0,8.0,28.0,78.0,0.4499999999999997,18.0,27.0,30.1
10.1038/s41467-020-15934-1,Co17Fe18Ir21Pd21Pt22,0.0,0.0,0.0,0.1717171717171717,0.0,0.0,0.1818181818181818,0.2121212121212121,0.0,0.0,0.0,0.0,0.2121212121212121,0.2222222222222222,0.0,0.0,0.0,0.0,Nanoparticle,0D,FCC,Alkaline,Fast moving bed pyrolysis,26.0,59.83838383838384,1.3535353535353536,0.2222222222222222,971.0,15.02,52.78787878787879,0.7313539434751557,21.47719620446893,1.83,2739.0,9.0,78.0,78.0,0.4499999999999997,15.0,42.0,82.0
10.1038/s41467-020-15934-1,Co17Fe18Ir21Pd21Pt22,0.0,0.0,0.0,0.1717171717171717,0.0,0.0,0.1818181818181818,0.2121212121212121,0.0,0.0,0.0,0.0,0.2121212121212121,0.2222222222222222,0.0,0.0,0.0,0.0,Nanoparticle,0D,FCC,Alkaline,Fast moving bed pyrolysis,26.0,59.83838383838384,1.3535353535353536,0.2222222222222222,971.0,15.02,52.78787878787879,0.7313539434751557,21.47719620446893,1.83,2739.0,9.0,78.0,78.0,0.4499999999999997,15.0,42.0,82.0
10.1038/s41467-020-19277-9,Co14Cu27Fe15Ni26Pt18,0.0,0.0,0.0,0.14,0.0,0.27,0.15,0.0,0.0,0.0,0.0,0.26,0.0,0.18,0.0,0.0,0.0,0.0,Nanoparticle,0D,FCC,Alkaline,one-pot polyol process,26.0,60.85,1.55,0.45,683.6300000000001,15.02,36.83,0.495,14.8212,1.83,2041.4,10.0,29.0,78.0,0.4499999999999997,12.0,11.0,30.0
10.1038/s41467-022-30379-4,Co22Fe23Mn14Ni22Ru19,0.0,0.0,0.0,0.22,0.0,0.0,0.23,0.0,0.0,0.14,0.0,0.22,0.0,0.0,0.0,0.19,0.0,0.0,Nanoparticle,0D,FCC,Alkaline, electrospinning technology and graphitization process.,25.0,56.75,1.81,0.19,1088.0,13.51,29.94,0.3077999999999999,5.3428,1.55,2607.0,6.0,26.0,44.0,0.6500000000000001,22.0,5.0,67.4
10.1038/s41467-022-30379-4,Co25Fe25Ni25Ru25,0.0,0.0,0.0,0.25,0.0,0.0,0.25,0.0,0.0,0.0,0.0,0.25,0.0,0.0,0.0,0.25,0.0,0.0,Nanoparticle,0D,FCC,Alkaline, electrospinning technology and graphitization process.,26.0,57.5,1.75,0.25,879.0,13.51,31.25,0.375,6.375,1.83,2607.0,6.0,26.0,44.0,0.3700000000000001,22.0,8.0,120.9
10.1016/j.jallcom.2024.175356,Co33Fe33Ni33,0.0,0.0,0.0,0.3333333333333333,0.0,0.0,0.3333333333333333,0.0,0.0,0.0,0.0,0.3333333333333333,0.0,0.0,0.0,0.0,0.0,0.0,Nanoparticle,0D,FCC,Alkaline, electrospinning technology and graphitization process.,26.0,58.0,2.0,0.0,83.0,10.73,27.0,0.0,0.6666666666666666,1.83,1811.0,6.0,26.0,28.0,0.0799999999999998,8.0,149.0,180.9
10.1016/j.jcis.2023.05.074,Co25Fe25Mn25Ni25,0.0,0.0,0.0,0.25,0.0,0.0,0.25,0.0,0.0,0.25,0.0,0.25,0.0,0.0,0.0,0.0,0.0,0.0,Nanoparticle,0D,FCC,Alkaline, electrospinning technology and graphitization process.,25.0,56.5,2.0,0.0,292.0,10.73,26.5,0.0,1.0,1.55,1811.0,5.0,25.0,28.0,0.3599999999999999,15.0,162.0,162.3
10.1038/s41467-023-44261-4,Co22Cu19Fe20Ni20Pt19,0.0,0.0,0.0,0.223,0.0,0.188,0.1989999999999999,0.0,0.0,0.0,0.0,0.2019999999999999,0.0,0.188,0.0,0.0,0.0,0.0,Nanoparticle,0D,FCC,Acidic,solvothermal reaction,26.0,60.077,1.624,0.376,683.6300000000001,15.02,36.967,0.469248,15.428408,1.83,2041.4,7.0,27.0,78.0,0.4499999999999997,12.0,10.8,28.1
10.1038/s41467-023-44261-4,Co20Cu20Fe20Ni20Pt20,0.0,0.0,0.0,0.2,0.0,0.2,0.2,0.0,0.0,0.0,0.0,0.2,0.0,0.2,0.0,0.0,0.0,0.0,Nanoparticle,0D,FCC,Acidic,solvothermal reaction,26.0,60.2,1.6,0.4,683.6300000000001,15.02,37.6,0.48,16.160000000000004,1.83,2041.4,6.0,26.0,78.0,0.4499999999999997,12.0,15.3,35.3
10.1039/C9TA00505F,Al17Au17Cu17Ni17Pd17Pt16,0.0,0.1672,0.1655,0.0,0.0,0.1689999999999999,0.0,0.0,0.0,0.0,0.0,0.1694,0.1657999999999999,0.1631,0.0,0.0,0.0,0.0,nanoporous structure,3D,FCC,Alkaline,"induction-melting furnace under Ar protection, followed by spinning to prepare the alloy ribbons",13.0,64.83290000000001,1.1708,0.4976,1107.93,16.7,45.24090000000001,0.5582174400000001,22.111998080000006,1.61,2041.4,8.0,28.0,79.0,0.93,18.0,72.8,47.0
10.1039/C9TA00505F,Al17Au17Cu17Ni17Pd17Pt16,0.0,0.1672,0.1655,0.0,0.0,0.1689999999999999,0.0,0.0,0.0,0.0,0.0,0.1694,0.1657999999999999,0.1631,0.0,0.0,0.0,0.0,nanoporous structure,3D,FCC,Acidic,"induction-melting furnace under Ar protection, followed by spinning to prepare the alloy ribbons",13.0,64.83290000000001,1.1708,0.4976,1107.93,16.7,45.24090000000001,0.5582174400000001,22.111998080000006,1.61,2041.4,8.0,28.0,79.0,0.93,18.0,15.8,28.0
10.1039/d0ta10574k,Co20Cu17Fe21Ni22Pd19,0.0,0.0,0.0,0.202020202020202,0.0,0.1717171717171717,0.2121212121212121,0.0,0.0,0.0,0.0,0.2222222222222222,0.1919191919191919,0.0,0.0,0.0,0.0,0.0,Nanoparticle,0D,BCC,Alkaline, low-temperature oil phase strategy,26.0,59.82828282828283,1.4444444444444444,0.1717171717171717,470.28,14.41,31.0,0.7070707070707071,5.757575757575758,1.83,1828.05,8.0,28.0,46.0,0.3700000000000001,15.0,18.0,39.0
10.1039/D1SC01981C,Ag6Al22Au6Co6Cu6Fe6Ir6Mo6Ni6Pd6Pt6Rh6Ru6,0.065,0.22,0.065,0.065,0.0,0.065,0.065,0.065,0.0,0.0,0.065,0.065,0.065,0.065,0.065,0.065,0.0,0.0,nanoporous structure,3D,FCC,Acidic,melt spinning,13.0,62.795,1.415,0.455,1962.53,16.7,39.78,0.5615999999999999,18.168800000000005,1.61,2896.0,0.0,13.0,79.0,0.93,33.0,36.0,35.1
10.1039/D1SC01981C,Ag7Al23Au7Co7Cu7Fe7Ir7Ni7Pd7Pt7Rh7Ru7,0.07,0.23,0.07,0.07,0.0,0.07,0.07,0.07,0.0,0.0,0.0,0.07,0.07,0.07,0.07,0.07,0.0,0.0,nanoporous structure,3D,FCC,Acidic,melt spinning,13.0,63.62,1.44,0.42,1805.53,16.7,39.81,0.5711999999999999,19.2262,1.61,2739.0,0.0,13.0,79.0,0.93,25.0,42.0,38.3
10.1039/D3EE01929B,Mo6Ni5Pd23Pt23Rh43,0.0,0.0,0.0,0.0,0.0,0.0,0.0,0.0,0.0,0.0,0.06,0.05,0.23,0.23,0.43,0.0,0.0,0.0,nanocrystals(flower-like structure is assembled by nanosheets),3D,FCC,Alkaline,solvothermal method,28.0,60.17,0.82,0.72,1168.0,15.69,51.79,0.3772,12.0566,1.91,2896.0,8.0,45.0,78.0,0.3699999999999999,30.0,9.7,25.9
10.1039/D3EE01929B,Mo6Ni10Pd33Pt33Rh18,0.0,0.0,0.0,0.0,0.0,0.0,0.0,0.0,0.0,0.0,0.06,0.1,0.33,0.33,0.18,0.0,0.0,0.0,nanocrystals(flower-like structure is assembled by nanosheets),3D,FCC,Alkaline,solvothermal method,28.0,60.97,0.77,0.57,1168.0,15.69,54.34,0.5082,15.615600000000002,1.91,2896.0,9.0,46.0,78.0,0.3699999999999999,30.0,15.9,30.3
10.1039/D3EE01929B,Mo6Ni14Pd27Pt27Rh26,0.0,0.0,0.0,0.0,0.0,0.0,0.0,0.0,0.0,0.0,0.0576923076923076,0.1442307692307692,0.2692307692307692,0.2692307692307692,0.2596153846153846,0.0,0.0,0.0,nanocrystals(flower-like structure is assembled by nanosheets),3D,FCC,Alkaline,solvothermal method,28.0,60.65384615384615,0.875,0.5865384615384616,1168.0,15.69,51.52884615384615,0.4711538461538461,14.253698224852071,1.91,2896.0,9.0,46.0,78.0,0.3699999999999999,30.0,20.1,30.5
10.1039/D3EE01929B,Mo6Ni40Pd24Pt18Rh12,0.0,0.0,0.0,0.0,0.0,0.0,0.0,0.0,0.0,0.0,0.06,0.4,0.24,0.18,0.12,0.0,0.0,0.0,nanocrystals(flower-like structure is assembled by nanosheets),3D,FCC,Alkaline,solvothermal method,28.0,60.7,1.16,0.36,1168.0,15.69,44.2,0.6719999999999999,13.224,1.91,2896.0,8.0,28.0,78.0,0.3699999999999999,30.0,22.2,26.9
10.1039/D4TA02556C,Ir23Pd19Pt17Rh20Ru21,0.0,0.0,0.0,0.0,0.0,0.0,0.0,0.23,0.0,0.0,0.0,0.0,0.19,0.17,0.2,0.21,0.0,0.0,cubic nanocage structure,3D,FCC,Acidic, seed-mediated conformal growth,44.0,59.85,1.04,0.58,910.95,15.02,57.95,0.4416,15.58,2.2,2739.0,7.0,77.0,78.0,0.0799999999999996,10.0,20.0,22.5
10.14102/j.cnki.0254-5861.2022-0125,Co11Cu20Ni15Pt32Rh22,0.0,0.0,0.0,0.11,0.0,0.2,0.0,0.0,0.0,0.0,0.0,0.15,0.0,0.32,0.22,0.0,0.0,0.0,Nanoparticle,0D,FCC,Alkaline,microwave method,27.0,61.47,1.26,0.74,879.23,15.02,47.83,0.3848,19.3088,1.88,2237.0,9.0,78.0,78.0,0.3999999999999999,18.0,19.0,26.9
10.1021/acsmaterialslett.0c00434,Al20Co20Mo20Ni20Ru20,0.0,0.2,0.0,0.2,0.0,0.0,0.0,0.0,0.0,0.0,0.2,0.2,0.0,0.0,0.0,0.2,0.0,0.0,nanowires,1D,FCC,Alkaline,melt spinning,13.0,59.6,1.6,0.4,1962.53,16.48,30.8,0.48,9.76,1.61,2896.0,0.0,13.0,44.0,0.5900000000000001,33.0,24.5,30.3
10.1021/acsmaterialslett.0c00434,Al20Co20Cu20Ni20Ru20,0.0,0.2,0.0,0.2,0.0,0.2,0.0,0.0,0.0,0.0,0.0,0.2,0.0,0.0,0.0,0.2,0.0,0.0,nanowires,1D,FCC,Alkaline,melt spinning,13.0,62.4,1.6,0.4,1673.53,16.48,28.2,0.48,6.640000000000001,1.61,2607.0,0.0,13.0,44.0,0.5900000000000001,25.0,30.0,37.1
10.1021/acsmaterialslett.0c00434,Al20Co20Fe20Ni20Ru20,0.0,0.2,0.0,0.2,0.0,0.0,0.2,0.0,0.0,0.0,0.0,0.2,0.0,0.0,0.0,0.2,0.0,0.0,nanowires,1D,FCC,Alkaline,melt spinning,13.0,60.6,1.8,0.2,1673.53,16.48,27.6,0.3199999999999999,6.720000000000001,1.61,2607.0,0.0,13.0,44.0,0.5900000000000001,25.0,45.5,48.9
10.1021/acsmaterialslett.0c00434,Al25Co25Ni25Ru25,0.0,0.25,0.0,0.25,0.0,0.0,0.0,0.0,0.0,0.0,0.0,0.25,0.0,0.0,0.0,0.25,0.0,0.0,nanowires,1D,FCC,Alkaline,melt spinning,13.0,62.0,1.75,0.25,1673.53,16.48,28.0,0.375,8.0,1.61,2607.0,0.0,13.0,44.0,0.5900000000000001,25.0,25.8,35.5
10.1021/acsmaterialslett.0c00434,Al33Ni33Ru33,0.0,0.3333333333333333,0.0,0.0,0.0,0.0,0.0,0.0,0.0,0.0,0.0,0.3333333333333333,0.0,0.0,0.0,0.3333333333333333,0.0,0.0,nanowires,1D,FCC,Alkaline,melt spinning,13.0,63.333333333333336,1.6666666666666667,0.3333333333333333,1673.53,16.48,28.33333333333333,0.4444444444444444,10.444444444444445,1.61,2607.0,0.0,13.0,44.0,0.5900000000000001,25.0,25.2,31.4
10.1016/j.apcatb.2022.121472,Co26Cu25Fe22Ni21Pd7,0.0,0.0,0.0,0.255,0.0,0.249,0.216,0.0,0.0,0.0,0.0,0.212,0.068,0.0,0.0,0.0,0.0,0.0,thin films,2D,FCC,Alkaline,magnetron sputtering,26.0,59.754000000000005,1.6150000000000002,0.249,470.28,14.41,28.786000000000005,0.52591,2.447676000000002,1.83,1828.05,7.0,27.0,46.0,0.3700000000000001,15.0,29.7,47.2
10.1016/j.apcatb.2022.121472,Co25Cu23Fe24Ni28,0.0,0.0,0.0,0.253,0.0,0.228,0.237,0.0,0.0,0.0,0.0,0.282,0.0,0.0,0.0,0.0,0.0,0.0,thin films,2D,FCC,Alkaline,magnetron sputtering,26.0,59.503,1.7720000000000002,0.228,453.23,11.07,27.501000000000005,0.3520319999999998,0.96498,1.83,1811.0,8.0,28.0,29.0,0.0799999999999998,8.0,116.7,126.2
10.1016/j.apcatb.2022.121472,Co33Fe29Ni31Pd7,0.0,0.0,0.0,0.3279999999999999,0.0,0.0,0.289,0.0,0.0,0.0,0.0,0.311,0.072,0.0,0.0,0.0,0.0,0.0,thin films,2D,FCC,Alkaline,magnetron sputtering,26.0,58.354,1.856,0.0,100.04999999999995,14.41,28.39,0.2672640000000001,2.5358400000000008,1.83,1828.05,7.0,27.0,46.0,0.3700000000000001,15.0,67.2,112.6
10.1016/j.apcatb.2022.121472,Co32Cu35Fe28Pd6,0.0,0.0,0.0,0.315,0.0,0.347,0.2769999999999999,0.0,0.0,0.0,0.0,0.0,0.061,0.0,0.0,0.0,0.0,0.0,thin films,2D,FCC,Alkaline,magnetron sputtering,26.0,59.495,1.531,0.347,470.28,14.41,28.576,0.555296,2.419984,1.83,1828.05,10.0,29.0,46.0,0.3700000000000001,13.0,63.1,107.5
10.1016/j.apcatb.2022.121472,Co34Cu28Ni30Pd8,0.0,0.0,0.0,0.341,0.0,0.283,0.0,0.0,0.0,0.0,0.0,0.296,0.08,0.0,0.0,0.0,0.0,0.0,thin films,2D,FCC,Alkaline,magnetron sputtering,27.0,60.906000000000006,1.5570000000000002,0.283,470.28,14.41,29.382,0.5643819999999999,2.658879999999998,1.88,1828.05,7.0,27.0,46.0,0.3200000000000003,15.0,60.3,116.3
10.1002/sstr.202300042,Co7Cu7Fe7Ni80,0.0,0.0,0.0,0.0659340659340659,0.0,0.0659340659340659,0.0659340659340659,0.0,0.0,0.0,0.0,0.8021978021978022,0.0,0.0,0.0,0.0,0.0,0.0,nanoporous,3D,FCC,Neutral,melt-spinning into alloy ribbons,26.0,60.604395604395606,1.934065934065934,0.0659340659340659,453.23,11.07,27.86813186813187,0.1231735297669363,0.3608259871996132,1.83,1811.0,8.0,28.0,29.0,0.0799999999999998,8.0,73.5,150.0
10.1002/sstr.202300042,Co7Fe7Ni87,0.0,0.0,0.0,0.0659340659340659,0.0,0.0,0.0659340659340659,0.0,0.0,0.0,0.0,0.8681318681318682,0.0,0.0,0.0,0.0,0.0,0.0,nanoporous,3D,FCC,Neutral,melt-spinning into alloy ribbons,26.0,60.40659340659341,2.0,0.0,83.0,10.73,27.802197802197803,0.0,0.343436782997222,1.83,1811.0,8.0,28.0,28.0,0.0799999999999998,8.0,95.1,154.0
10.1002/sstr.202300042,Fe7Ni93,0.0,0.0,0.0,0.0,0.0,0.0,0.0659340659340659,0.0,0.0,0.0,0.0,0.934065934065934,0.0,0.0,0.0,0.0,0.0,0.0,nanoporous,3D,FCC,Neutral,melt-spinning into alloy ribbons,26.0,60.604395604395606,2.0,0.0,83.0,10.73,27.86813186813187,0.0,0.2463470595338723,1.83,1811.0,8.0,28.0,28.0,0.0799999999999998,8.0,127.5,155.0
10.1002/adfm.202418644,Co8Mn13Ni43Pd21Pt15,0.0,0.0,0.0,0.0765076507650765,0.0,0.0,0.0,0.0,0.0,0.1314131413141314,0.0,0.4333433343334333,0.2118211821182118,0.1469146914691469,0.0,0.0,0.0,0.0,Nanoparticle,0D,FCC,Alkaline,electrodeposition,25.0,60.093409340934095,1.4294429442944296,0.1469146914691469,522.4000000000001,15.02,38.6877687768777,0.7317555437912028,14.648859565424493,1.55,2041.4,8.0,28.0,78.0,0.7299999999999998,15.0,30.2,104.0
10.1002/adfm.202418644,Co14Mn15Ni14Pd41Pt15,0.0,0.0,0.0,0.1415,0.0,0.0,0.0,0.0,0.0,0.1492,0.0,0.145,0.4097999999999999,0.1545,0.0,0.0,0.0,0.0,Nanoparticle,0D,FCC,Alkaline,electrodeposition,25.0,59.9515,1.0259,0.1545,522.4000000000001,15.02,42.5123,0.8488307399999999,13.82421822,1.55,2041.4,10.0,46.0,78.0,0.7299999999999998,15.0,23.9,77.7
10.1002/adfm.202418644,Co3Mn18Ni41Pd24Pt15,0.0,0.0,0.0,0.0287028702870287,0.0,0.0,0.0,0.0,0.0,0.1797179717971797,0.0,0.4084408440844084,0.2368236823682368,0.1463146314631463,0.0,0.0,0.0,0.0,Nanoparticle,0D,FCC,Alkaline,electrodeposition,25.0,59.82588258825883,1.38003800380038,0.1463146314631463,522.4000000000001,15.02,39.01070107010701,0.7648616046723183,14.719872827366745,1.55,2041.4,8.0,28.0,78.0,0.7299999999999998,15.0,29.0,84.1
10.1002/adfm.202418644,Co13Mn21Ni47Pd10Pt9,0.0,0.0,0.0,0.1278,0.0,0.0,0.0,0.0,0.0,0.2125,0.0,0.4693,0.1012,0.0892,0.0,0.0,0.0,0.0,Nanoparticle,0D,FCC,Alkaline,electrodeposition,25.0,58.9837,1.7084,0.0892,522.4000000000001,15.02,33.5163,0.4721587199999999,10.462592960000002,1.55,2041.4,8.0,28.0,78.0,0.7299999999999998,15.0,38.0,84.3
10.1002/adfm.202418644,Co6Mn17Ni63Pd5Pt10,0.0,0.0,0.0,0.0555,0.0,0.0,0.0,0.0,0.0,0.1667,0.0,0.6257,0.0511,0.1009999999999999,0.0,0.0,0.0,0.0,Nanoparticle,0D,FCC,Alkaline,electrodeposition,25.0,59.5863,1.7968000000000002,0.1009999999999999,522.4000000000001,15.02,33.4142,0.3445865599999999,10.292600360000002,1.55,2041.4,8.0,28.0,78.0,0.7299999999999998,15.0,35.2,84.3
10.1002/adfm.202418644,Co14Mn23Ni31Pd25Pt6,0.0,0.0,0.0,0.1440499999999999,0.0,0.0,0.0,0.0,0.0,0.22976,0.0,0.3114699999999999,0.25119,0.06353,0.0,0.0,0.0,0.0,Nanoparticle,0D,FCC,Alkaline,electrodeposition,25.0,58.87825999999999,1.43409,0.06353,522.4000000000001,15.02,34.86459,0.7756136096,11.0749924704,1.55,2041.4,8.0,28.0,78.0,0.7299999999999998,15.0,84.7,112.0
10.1002/adfm.202418644,Co24Mn16Ni21Pd29Pt10,0.0,0.0,0.0,0.2386676133238667,0.0,0.0,0.0,0.0,0.0,0.1622283777162228,0.0,0.2099679003209967,0.2882271177288227,0.1009089909100908,0.0,0.0,0.0,0.0,Nanoparticle,0D,FCC,Alkaline,electrodeposition,25.0,59.3139868601314,1.3226367736322635,0.1009089909100908,522.4000000000001,15.02,37.50818491815082,0.8275534726477917,13.067119170709873,1.55,2041.4,10.0,46.0,78.0,0.7299999999999998,15.0,22.6,75.1
10.1002/adfm.202418644,Co14Mn15Ni14Pd41Pt15,0.0,0.0,0.0,0.14146,0.0,0.0,0.0,0.0,0.0,0.14925,0.0,0.14498,0.4097999999999999,0.15451,0.0,0.0,0.0,0.0,Nanoparticle,0D,FCC,Alkaline,electrodeposition,25.0,59.95119,1.02589,0.15451,522.4000000000001,15.02,42.51269,0.8488199718000001,13.8244878122,1.55,2041.4,10.0,46.0,78.0,0.7299999999999998,15.0,23.9,77.7
10.1002/adfm.202418644,Co16Mn23Ni29Pd23Pt9,0.0,0.0,0.0,0.1623765131487407,0.0,0.0,0.0,0.0,0.0,0.2256852650619173,0.0,0.2921942395992764,0.2267983859746765,0.0929455962153888,0.0,0.0,0.0,0.0,Nanoparticle,0D,FCC,Alkaline,electrodeposition,25.0,58.89439265340197,1.453457631835258,0.0929455962153888,522.4000000000001,15.02,35.89021844997913,0.7435774698643172,12.413601781535538,1.55,2041.4,8.0,28.0,78.0,0.7299999999999998,15.0,82.7,126.0
10.1002/adfm.202418644,Co27Mn30Ni21Pt22,0.0,0.0,0.0,0.273609443777511,0.0,0.0,0.0,0.0,0.0,0.2973189275710284,0.0,0.2059823929571828,0.0,0.2230892356942777,0.0,0.0,0.0,0.0,Nanoparticle,0D,FCC,Alkaline,electrodeposition,25.0,57.94947979191677,1.7769107643057225,0.2230892356942777,522.4000000000001,15.02,37.98889555822328,0.3466408572232414,17.85209341839977,1.55,2041.4,5.0,25.0,78.0,0.7299999999999998,15.0,68.6,79.6
10.1002/adfm.202418644,Co47Mn14Ni12Pd27,0.0,0.0,0.0,0.4721,0.0,0.0,0.0,0.0,0.0,0.1361,0.0,0.1201,0.2717,0.0,0.0,0.0,0.0,0.0,Nanoparticle,0D,FCC,Alkaline,electrodeposition,25.0,58.630500000000005,1.4566,0.0,309.04999999999995,14.41,32.010200000000005,0.7915164400000001,7.602057320000004,1.55,1828.05,7.0,27.0,46.0,0.6500000000000001,15.0,73.0,84.5
10.1002/adfm.202418644,Co54Mn22Ni24,0.0,0.0,0.0,0.5353,0.0,0.0,0.0,0.0,0.0,0.2208,0.0,0.2439,0.0,0.0,0.0,0.0,0.0,0.0,Nanoparticle,0D,FCC,Alkaline,electrodeposition,25.0,57.40690000000001,2.0,0.0,249.0,10.4875862069,26.8023,0.0,0.7958956800000005,1.55,1768.0,7.0,27.0,28.0,0.3599999999999999,15.0,156.0,85.3
10.1002/adfm.202418644,Co24Mn16Ni21Pd29Pt10,0.0,0.0,0.0,0.2387,0.0,0.0,0.0,0.0,0.0,0.1621999999999999,0.0,0.21,0.2882,0.1009,0.0,0.0,0.0,0.0,Nanoparticle,0D,FCC,Alkaline,electrodeposition,25.0,59.31409999999999,1.3226999999999998,0.1009,522.4000000000001,15.02,37.5073,0.8275251400000002,13.066619139999998,1.55,2041.4,10.0,46.0,78.0,0.7299999999999998,15.0,22.6,75.1
10.1016/j.mtcomm.2025.112365,Co20Fe20Mn20Ni20Zn20,0.0,0.0,0.0,0.2,0.0,0.0,0.2,0.0,0.0,0.2,0.0,0.2,0.0,0.0,0.0,0.0,0.0,0.2,Nanoparticle,0D,FCC,Alkaline,Fast moving bed heating,25.0,59.0,2.0,0.0,1118.3200000000002,13.96,27.2,0.0,1.44,1.55,1811.0,5.0,25.0,30.0,0.3599999999999999,17.0,184.0,112.0
10.1016/j.jcis.2023.05.074,Co20Cu20Fe20Mn20Ni20,0.0,0.0,0.0,0.2,0.0,0.2,0.2,0.0,0.0,0.2,0.0,0.2,0.0,0.0,0.0,0.0,0.0,0.0,Nanoparticle,0D,FCC,Alkaline,polymer fiber nanoreactor strategy,25.0,58.0,1.8,0.2,453.23,11.07,27.0,0.3199999999999999,1.2,1.55,1811.0,5.0,25.0,29.0,0.3599999999999999,15.0,230.0,53.0
10.1039/D3TA05908A ,Ir20Pd16Pt9Rh26Ru29,0.0,0.0,0.0,0.0,0.0,0.0,0.0,0.203,0.0,0.0,0.0,0.0,0.163,0.086,0.261,0.287,0.0,0.0,nanosheet,2D,FCC,Acidic, atomic layer deposition,44.0,59.17500000000001,1.04,0.634,910.95,15.02,54.21000000000001,0.38976,13.344620000000004,2.2,2739.0,7.0,44.0,78.0,0.0799999999999996,10.0,13.0,14.0
10.1039/D3TA05908A ,Ir20Pd16Pt9Rh26Ru29,0.0,0.0,0.0,0.0,0.0,0.0,0.0,0.203,0.0,0.0,0.0,0.0,0.163,0.086,0.261,0.287,0.0,0.0,nanosheet,2D,FCC,Neutral, atomic layer deposition,44.0,59.17500000000001,1.04,0.634,910.95,15.02,54.21000000000001,0.38976,13.344620000000004,2.2,2739.0,7.0,44.0,78.0,0.0799999999999996,10.0,77.0,45.0
10.1039/D3TA05908A ,Ir20Pd16Pt9Rh26Ru29,0.0,0.0,0.0,0.0,0.0,0.0,0.0,0.203,0.0,0.0,0.0,0.0,0.163,0.086,0.261,0.287,0.0,0.0,nanosheet,2D,FCC,Alkaline, atomic layer deposition,44.0,59.17500000000001,1.04,0.634,910.95,15.02,54.21000000000001,0.38976,13.344620000000004,2.2,2739.0,7.0,44.0,78.0,0.0799999999999996,10.0,65.0,78.0
10.1039/D3TA05908A ,Ir25Pd25Rh25Ru25,0.0,0.0,0.0,0.0,0.0,0.0,0.0,0.25,0.0,0.0,0.0,0.0,0.25,0.0,0.25,0.25,0.0,0.0,nanosheet,2D,FCC,Acidic, atomic layer deposition,44.0,59.25,1.0,0.5,910.95,14.41,53.0,0.5,12.0,2.2,2739.0,7.0,44.0,77.0,0.0799999999999996,7.0,20.0,25.0
10.1039/D3TA05908A ,Pd25Pt25Rh25Ru25,0.0,0.0,0.0,0.0,0.0,0.0,0.0,0.0,0.0,0.0,0.0,0.0,0.25,0.25,0.25,0.25,0.0,0.0,nanosheet,2D,FCC,Acidic, atomic layer deposition,44.0,60.0,0.75,0.75,778.95,15.02,53.25,0.375,12.375,2.2,2607.0,7.0,44.0,78.0,0.0799999999999996,10.0,16.0,19.0
10.1002/advs.202300094,Co32Fe23Ni34Ru11,0.0,0.0,0.0,0.322,0.0,0.0,0.2269999999999999,0.0,0.0,0.0,0.0,0.3429999999999999,0.0,0.0,0.0,0.108,0.0,0.0,Nanoparticle,0D,FCC,Alkaline, Metal-organic frameworks (MOFs) template method,26.0,58.132,1.892,0.108,879.0,13.51,28.952,0.1926719999999998,3.2503679999999986,1.83,2607.0,8.0,28.0,44.0,0.3700000000000001,22.0,40.0,84.0
10.1002/adma.202207466,Co21Cr17Fe20Mn22Ni20,0.0,0.0,0.0,0.2082082082082082,0.1741741741741741,0.0,0.1981981981981982,0.0,0.0,0.2192192192192192,0.0,0.2002002002002001,0.0,0.0,0.0,0.0,0.0,0.0,sheet,3D,FCC,Acidic,arc melting,24.0,55.12312312312312,1.8258258258258253,0.1741741741741741,661.0,11.19,26.04104104104104,0.2876750624498372,1.1836942047152257,1.55,2180.0,5.0,25.0,28.0,0.3599999999999999,15.0,248.0,95.0
10.1039/D1TA02621F,Co19Cu18Fe8Mn36Ni19,0.0,0.0,0.0,0.193115869521713,0.0,0.1831098659195517,0.0754452671602961,0.0,0.0,0.3582149289573744,0.0,0.1901140684410646,0.0,0.0,0.0,0.0,0.0,0.0,Nanoparticle,3D,FCC,Neutral,high energy planetary milling,25.0,57.293376025615366,1.816890134080448,0.1831098659195517,453.23,11.07,26.764458675205127,0.299161285844951,1.3794604559413652,1.55,1811.0,5.0,25.0,29.0,0.3599999999999999,15.0,160.0,77.5
10.1039/D1TA02621F,Co19Cu18Fe8Mn36Ni19,0.0,0.0,0.0,0.193115869521713,0.0,0.1831098659195517,0.0754452671602961,0.0,0.0,0.3582149289573744,0.0,0.1901140684410646,0.0,0.0,0.0,0.0,0.0,0.0,Nanoparticle,3D,FCC,Alkaline,high energy planetary milling,25.0,57.293376025615366,1.816890134080448,0.1831098659195517,453.23,11.07,26.764458675205127,0.299161285844951,1.3794604559413652,1.55,1811.0,5.0,25.0,29.0,0.3599999999999999,15.0,110.0,48.3
10.1039/D1TA02621F,Co19Cu18Fe8Mn36Ni19,0.0,0.0,0.0,0.193115869521713,0.0,0.1831098659195517,0.0754452671602961,0.0,0.0,0.3582149289573744,0.0,0.1901140684410646,0.0,0.0,0.0,0.0,0.0,0.0,Nanoparticle,3D,FCC,Acidic,high energy planetary milling,25.0,57.293376025615366,1.816890134080448,0.1831098659195517,453.23,11.07,26.764458675205127,0.299161285844951,1.3794604559413652,1.55,1811.0,5.0,25.0,29.0,0.3599999999999999,15.0,70.0,70.9
10.1016/j.cej.2021.132883,Co22Cu18Mg19Ni22Zn18,0.0,0.0,0.0,0.2233128834355828,0.0,0.1843558282208588,0.0,0.0,0.1941717791411042,0.0,0.0,0.2180981595092024,0.0,0.0,0.0,0.0,0.0,0.1800613496932515,Nanoparticle,0D,FCC,Alkaline,anchoring by reflux,12.0,63.6828220858896,1.8156441717791407,0.1843558282208589,1075.3200000000002,22.89,25.214417177914115,0.30073751364372,5.131733787496705,1.31,1768.0,7.0,27.0,30.0,0.5999999999999999,19.0,158.0,36.1
10.1016/j.cej.2021.132883,Co23Cu18Mg19Ni23Zn18,0.0,0.0,0.0,0.2257900101936799,0.0,0.1804281345565749,0.0,0.0,0.1901121304791029,0.0,0.0,0.2268093781855249,0.0,0.0,0.0,0.0,0.0,0.1768603465851172,Nanoparticle,0D,FCC,Alkaline,anchoring by reflux,12.0,63.60958205912335,1.8195718654434248,0.1804281345565749,1075.3200000000002,22.89,25.266564729867486,0.2957476456340188,5.044269769868063,1.31,1768.0,8.0,28.0,30.0,0.5999999999999999,19.0,172.0,39.2
10.1016/j.cej.2021.132883,Co22Cu18Mg19Ni23Zn18,0.0,0.0,0.0,0.2238629651506201,0.0,0.1768064579641662,0.0,0.0,0.1860602480803307,0.0,0.0,0.2305571962984839,0.0,0.0,0.0,0.0,0.0,0.1827131325063989,Nanoparticle,0D,FCC,Alkaline,anchoring by reflux,12.0,63.62295727505413,1.8231935420358336,0.1768064579641661,1075.3200000000002,22.89,25.341405788541053,0.2910918687726633,4.964610541512616,1.31,1768.0,8.0,28.0,30.0,0.5999999999999999,19.0,189.0,42.6
10.1016/j.cej.2021.132883,Co22Cu17Mg20Ni22Zn18,0.0,0.0,0.0,0.2225286088515097,0.0,0.1746863366882669,0.0,0.0,0.1959189300978905,0.0,0.0,0.2243209706328415,0.0,0.0,0.0,0.0,0.0,0.1825451537294912,Nanoparticle,0D,FCC,Alkaline,anchoring by reflux,12.0,63.68826692403144,1.8253136633117333,0.1746863366882669,1075.3200000000002,22.89,25.18254515372949,0.2883420409254006,5.165420284971627,1.31,1768.0,8.0,28.0,30.0,0.5999999999999999,19.0,120.0,44.7
10.1016/j.cej.2021.132883,Co22Cu18Mg19Ni22Zn18,0.0,0.0,0.0,0.2233128834355828,0.0,0.1843558282208588,0.0,0.0,0.1941717791411042,0.0,0.0,0.2180981595092024,0.0,0.0,0.0,0.0,0.0,0.1800613496932515,Nanoparticle,0D,FCC,Acidic,anchoring by reflux,12.0,63.6828220858896,1.8156441717791407,0.1843558282208589,1075.3200000000002,22.89,25.214417177914115,0.30073751364372,5.131733787496705,1.31,1768.0,7.0,27.0,30.0,0.5999999999999999,19.0,131.0,32.6
10.1002/asia.202300456,Co20Cr20Fe20Mo20Ni20,0.0,0.0,0.0,0.2,0.2,0.0,0.2,0.0,0.0,0.0,0.2,0.2,0.0,0.0,0.0,0.0,0.0,0.0,Nanoparticle,3D,"FCC,BCC",Alkaline,gas atomization powder preparation process,24.0,54.6,1.6,0.4,1168.0,15.69,29.4,0.48,5.039999999999999,1.66,2896.0,5.0,24.0,42.0,0.5000000000000002,30.0,156.7,46.09
10.1002/asia.202300456,Co25Cr25Fe25Ni25,0.0,0.0,0.0,0.25,0.25,0.0,0.25,0.0,0.0,0.0,0.0,0.25,0.0,0.0,0.0,0.0,0.0,0.0,Nanoparticle,3D,"FCC,BCC",Alkaline,gas atomization powder preparation process,24.0,55.75,1.75,0.25,452.0,11.19,26.25,0.375,1.25,1.66,2180.0,5.0,24.0,28.0,0.25,15.0,160.5,65.72
10.1016/j.apcatb.2022.122016,Co22Cu20Fe16Mo20Ni22,0.0,0.0,0.0,0.215,0.0,0.2019999999999999,0.161,0.0,0.0,0.0,0.205,0.217,0.0,0.0,0.0,0.0,0.0,0.0,dendritic structure,3D,FCC,Alkaline,pulse electroplating,26.0,57.74,1.5929999999999995,0.407,1538.23,15.69,30.535,0.482702,4.70065,1.83,2896.0,8.0,28.0,42.0,0.33,30.0,7.0,19.4
10.1016/j.apcatb.2022.122016,Co27Cu21Mo24Ni28,0.0,0.0,0.0,0.265609514370664,0.0,0.2111000991080277,0.0,0.0,0.0,0.0,0.242814667988107,0.2804757185332012,0.0,0.0,0.0,0.0,0.0,0.0,dendritic structure,3D,FCC,Alkaline,pulse electroplating,27.0,58.1655104063429,1.5460852329038652,0.4539147670961347,1538.23,15.69,31.344895936570857,0.4957523026163929,5.174431111080549,1.88,2896.0,8.0,28.0,42.0,0.2800000000000002,30.0,6.0,18.5
10.1016/j.apcatb.2022.122016,Co24Cu23Fe31Ni22,0.0,0.0,0.0,0.236,0.0,0.228,0.311,0.0,0.0,0.0,0.0,0.225,0.0,0.0,0.0,0.0,0.0,0.0,dendritic structure,3D,FCC,Alkaline,pulse electroplating,26.0,59.11,1.7720000000000002,0.228,453.23,11.07,27.37,0.3520319999999999,1.0267800000000002,1.83,1811.0,6.0,26.0,29.0,0.0799999999999998,8.0,58.0,95.5
10.1016/j.apcatb.2022.122016,Co26Fe20Mo26Ni28,0.0,0.0,0.0,0.259,0.0,0.0,0.2019999999999999,0.0,0.0,0.0,0.264,0.275,0.0,0.0,0.0,0.0,0.0,0.0,dendritic structure,3D,FCC,Alkaline,pulse electroplating,26.0,56.107,1.736,0.264,1168.0,15.69,31.033,0.3886079999999999,5.790576,1.83,2896.0,8.0,28.0,42.0,0.33,30.0,38.0,56.4
10.1016/j.apcatb.2022.122016,Cu24Fe23Mo24Ni28,0.0,0.0,0.0,0.0,0.0,0.244,0.2289999999999999,0.0,0.0,0.0,0.245,0.282,0.0,0.0,0.0,0.0,0.0,0.0,dendritic structure,3D,FCC,Alkaline,pulse electroplating,26.0,57.66299999999999,1.511,0.489,1538.23,15.69,31.216,0.4997579999999999,5.284159999999999,1.83,2896.0,8.0,28.0,42.0,0.33,30.0,21.0,53.5
10.1016/j.apcatb.2022.122016,Co29Cu26Fe19Mo26,0.0,0.0,0.0,0.286,0.0,0.259,0.193,0.0,0.0,0.0,0.262,0.0,0.0,0.0,0.0,0.0,0.0,0.0,dendritic structure,3D,FCC,Alkaline,pulse electroplating,26.0,56.87899999999999,1.479,0.5209999999999999,1538.23,15.69,31.254999999999995,0.4991179999999999,5.630379999999997,1.83,2896.0,7.0,27.0,42.0,0.33,28.0,20.0,52.3
10.1021/acssuschemeng.2c06888,Co20Fe10Mo25Ni35W10,0.0,0.0,0.0,0.2,0.0,0.0,0.1,0.0,0.0,0.0,0.25,0.35,0.0,0.0,0.0,0.0,0.1,0.0,Nanoparticle,0D,"FCC,rhombohedral ",Alkaline,mechanical alloying,26.0,56.05,1.75,0.25,1967.0,16.05,35.7,0.375,10.810000000000002,1.83,3695.0,8.0,28.0,74.0,0.5299999999999998,38.0,181.0,65.0
10.1021/acssuschemeng.2c06888,Co25Fe10Mo20Ni35W10,0.0,0.0,0.0,0.25,0.0,0.0,0.1,0.0,0.0,0.0,0.2,0.35,0.0,0.0,0.0,0.0,0.1,0.0,Nanoparticle,0D,"FCC,rhombohedral ",Alkaline,mechanical alloying,26.0,56.45,1.8,0.2,1967.0,16.05,34.95,0.3199999999999999,10.630000000000004,1.83,3695.0,8.0,28.0,74.0,0.5299999999999998,38.0,35.0,31.0
10.1021/acssuschemeng.2c06888,Co30Fe10Mo15Ni35W10,0.0,0.0,0.0,0.3,0.0,0.0,0.1,0.0,0.0,0.0,0.15,0.35,0.0,0.0,0.0,0.0,0.1,0.0,Nanoparticle,0D,"FCC,rhombohedral ",Alkaline,mechanical alloying,26.0,56.85,1.85,0.15,1967.0,16.05,34.2,0.2549999999999999,10.300000000000002,1.83,3695.0,8.0,28.0,74.0,0.5299999999999998,38.0,269.0,72.0
10.1021/acssuschemeng.2c06888,Co35Fe10Mo10Ni35W10,0.0,0.0,0.0,0.35,0.0,0.0,0.1,0.0,0.0,0.0,0.1,0.35,0.0,0.0,0.0,0.0,0.1,0.0,Nanoparticle,0D,"FCC,rhombohedral ",Alkaline,mechanical alloying,26.0,57.25,1.9,0.1,1967.0,16.05,33.45,0.18,9.820000000000002,1.83,3695.0,7.0,27.0,74.0,0.5299999999999998,38.0,250.0,65.0
10.1021/acssuschemeng.2c06888,Co20Fe10Mo25Ni35W10,0.0,0.0,0.0,0.2,0.0,0.0,0.1,0.0,0.0,0.0,0.25,0.35,0.0,0.0,0.0,0.0,0.1,0.0,Nanoparticle,0D,"FCC,rhombohedral ",Acidic,mechanical alloying,26.0,56.05,1.75,0.25,1967.0,16.05,35.7,0.375,10.810000000000002,1.83,3695.0,8.0,28.0,74.0,0.5299999999999998,38.0,214.0,52.0
10.1021/acssuschemeng.2c06888,Co25Fe10Mo20Ni35W10,0.0,0.0,0.0,0.25,0.0,0.0,0.1,0.0,0.0,0.0,0.2,0.35,0.0,0.0,0.0,0.0,0.1,0.0,Nanoparticle,0D,"FCC,rhombohedral ",Acidic,mechanical alloying,26.0,56.45,1.8,0.2,1967.0,16.05,34.95,0.3199999999999999,10.630000000000004,1.83,3695.0,8.0,28.0,74.0,0.5299999999999998,38.0,85.0,31.0
10.1021/acssuschemeng.2c06888,Co30Fe10Mo15Ni35W10,0.0,0.0,0.0,0.3,0.0,0.0,0.1,0.0,0.0,0.0,0.15,0.35,0.0,0.0,0.0,0.0,0.1,0.0,Nanoparticle,0D,"FCC,rhombohedral ",Acidic,mechanical alloying,26.0,56.85,1.85,0.15,1967.0,16.05,34.2,0.2549999999999999,10.300000000000002,1.83,3695.0,8.0,28.0,74.0,0.5299999999999998,38.0,308.0,47.0
10.1021/acssuschemeng.2c06888,Co35Fe10Mo10Ni35W10,0.0,0.0,0.0,0.35,0.0,0.0,0.1,0.0,0.0,0.0,0.1,0.35,0.0,0.0,0.0,0.0,0.1,0.0,Nanoparticle,0D,"FCC,rhombohedral ",Acidic,mechanical alloying,26.0,57.25,1.9,0.1,1967.0,16.05,33.45,0.18,9.820000000000002,1.83,3695.0,7.0,27.0,74.0,0.5299999999999998,38.0,232.0,80.0
10.1016/j.cej.2022.135375,Co24Mo17Ni24Ru7W28,0.0,0.0,0.0,0.24,0.0,0.0,0.0,0.0,0.0,0.0,0.17,0.24,0.0,0.0,0.0,0.07,0.28,0.0,nanosheet,2D,Amorphous,Acidic,mechanochemical synthesis,27.0,55.26,1.76,0.24,1967.0,16.05,44.14,0.3648,16.721600000000002,1.88,3695.0,4.0,74.0,74.0,0.48,38.0,40.0,36.0
